YJ7コード,成分名
1112700,ハロタン
1114700,麻酔用エーテル
1115400,チオペンタールナトリウム
1115401,ペントバルビタールナトリウム
1115402,チアミラールナトリウム
1115403,チアミラールナトリウム
1116700,亜酸化窒素
1116701,亜酸化窒素・酸素
1116702,亜酸化窒素・酸素
1119400,ケタミン塩酸塩
1119401,ドロペリドール
1119402,プロポフォール
1119403,レミマゾラムベシル酸塩
1119701,イソフルラン
1119702,セボフルラン
1119703,デスフルラン
1121001,ブロモバレリル尿素
1123001,抱水クロラール
1123700,抱水クロラール
1124001,エスタゾラム
1124002,フルラゼパム塩酸塩
1124003,ニトラゼパム
1124004,ニメタゼパム
1124005,ハロキサゾラム
1124007,トリアゾラム
1124008,フルニトラゼパム
1124009,ブロチゾラム
1124010,ロルメタゼパム
1124013,オキサゾラム
1124014,クロキサゾラム
1124015,クロラゼプ酸二カリウム
1124017,ジアゼパム
1124018,プラゼパム
1124019,フルジアゼパム
1124020,ブロマゼパム
1124021,メダゼパム
1124022,ロラゼパム
1124023,アルプラゾラム
1124024,フルタゾラム
1124025,メキサゾラム
1124026,トフィソパム
1124027,フルトプラゼパム
1124028,クロルジアゼポキシド
1124029,ロフラゼプ酸エチル
1124030,クアゼパム
1124400,フルニトラゼパム
1124401,ミダゾラム
1124402,ジアゼパム
1124700,ブロマゼパム
1124701,ジアゼパム
1125001,アモバルビタール
1125002,バルビタール
1125003,フェノバルビタール
1125004,フェノバルビタール
1125006,ペントバルビタールカルシウム
1125400,アモバルビタールナトリウム
1125401,セコバルビタールナトリウム
1125402,フェノバルビタール
1125700,フェノバルビタールナトリウム
1126001,臭化カリウム
1126002,臭化ナトリウム
1126400,臭化カルシウム
1129002,パッシフローラエキス
1129004,トリクロホスナトリウム
1129006,リルマザホン塩酸塩水和物
1129007,ゾピクロン
1129008,タンドスピロンクエン酸塩
1129009,ゾルピデム酒石酸塩
1129010,エスゾピクロン
1129400,デクスメデトミジン塩酸塩
1131001,アセチルフェネトライド
1132001,エトトイン
1132002,フェニトイン
1132400,フェニトインナトリウム
1132401,ホスフェニトインナトリウム水和物
1133001,トリメタジオン
1133002,トリメタジオン
1135002,プリミドン
1137001,スルチアム
1139001,エトスクシミド
1139002,カルバマゼピン
1139003,クロナゼパム
1139004,バルプロ酸ナトリウム
1139005,ゾニサミド
1139006,クロバザム
1139007,ガバペンチン
1139008,トピラマート
1139009,ラモトリギン
1139010,レベチラセタム
1139011,スチリペントール
1139012,ルフィナミド
1139013,ビガバトリン
1139014,ペランパネル水和物
1139015,ラコサミド
1139100,フェニトイン・フェノバルビタール
1139103,フェニトイン・フェノバルビタール配合剤
1139104,フェニトイン・フェノバルビタール配合剤
1139105,フェニトイン・フェノバルビタール配合剤
1139400,フェノバルビタールナトリウム
1139401,ミダゾラム
1139402,レベチラセタム
1139403,ロラゼパム
1139404,ラコサミド
1139700,ミダゾラム
1141001,アセトアミノフェン
1141002,フェナセチン
1141004,フルフェナム酸アルミニウム
1141005,メフェナム酸
1141007,アセトアミノフェン
1141400,アセトアミノフェン
1141700,アセトアミノフェン
1143001,アスピリン
1143005,エテンザミド
1143007,サリチルアミド
1143009,サリチル酸ナトリウム
1143010,アスピリン・ダイアルミネート
1143400,サリチル酸ナトリウム
1143700,アスピリン
1144002,イソプロピルアンチピリン
1144005,スルピリン水和物
1144007,ミグレニン
1144400,スルピリン水和物
1145001,インドメタシン
1145002,インドメタシン
1145003,アセメタシン
1145004,プログルメタシンマレイン酸塩
1145005,インドメタシン　ファルネシル
1145700,インドメタシン
1146400,サリチル酸ナトリウム・カフェイン配合剤
1147002,ジクロフェナクナトリウム
1147006,アンフェナクナトリウム水和物
1147700,ジクロフェナクナトリウム
1148001,チアラミド塩酸塩
1148003,エピリゾール
1148004,エモルファゾン
1149001,イブプロフェン
1149005,ケトプロフェン
1149007,ナプロキセン
1149009,ブコローム
1149010,プラノプロフェン
1149011,フルルビプロフェン
1149013,ジメトチアジンメシル酸塩
1149015,スリンダク
1149017,ピロキシカム
1149019,ロキソプロフェンナトリウム水和物
1149020,ロベンザリット二ナトリウム
1149021,テノキシカム
1149022,アルミノプロフェン
1149023,ワクシニアウイルス接種家兎炎症皮膚抽出液
1149025,チアプロフェン酸
1149026,オキサプロジン
1149027,ナブメトン
1149029,ザルトプロフェン
1149030,アンピロキシカム
1149031,アクタリット
1149032,エトドラク
1149033,モフェゾラク
1149034,塩酸ペンタゾシン
1149035,メロキシカム
1149036,ロルノキシカム
1149037,セレコキシブ
1149038,トラマドール塩酸塩
1149100,ピラゾロン系解熱鎮痛消炎配合剤
1149101,ピラゾロン系解熱鎮痛消炎配合剤
1149102,ピラゾロン系解熱鎮痛消炎配合剤
1149103,ピラゾロン系解熱鎮痛消炎配合剤
1149105,アスピリン・アスコルビン酸
1149107,酒石酸エルゴタミン・無水カフェイン
1149108,シメトリド・無水カフェイン
1149109,エルゴタミン酒石酸塩・無水カフェイン配合剤
1149115,エルゴタミン酒石酸塩・無水カフェイン配合剤
1149116,ピラゾロン系解熱鎮痛消炎配合剤
1149117,トラマドール塩酸塩・アセトアミノフェン
1149400,トラマドール塩酸塩
1149401,ペンタゾシン
1149402,ケトプロフェン
1149403,ブプレノルフィン塩酸塩
1149404,酒石酸ブトルファノール
1149405,エプタゾシン臭化水素酸塩
1149407,フルルビプロフェンアキセチル
1149500,コンドロイチン硫酸エステルナトリウム・サリチル酸ナトリウム
1149501,コンドロイチン硫酸エステルナトリウム・サリチル酸ナトリウム
1149502,サリチル酸ナトリウム・ジブカイン配合剤
1149503,サリチル酸ナトリウム・ジブカイン配合剤
1149505,スルピリン・アミノプロピロン配合剤
1149601,ワクシニアウイルス接種家兎炎症皮膚抽出液
1149700,ケトプロフェン
1149701,ピロキシカム
1149702,イブプロフェン
1149703,ブプレノルフィン塩酸塩
1149704,ブプレノルフィン
1151001,メタンフェタミン塩酸塩
1151400,メタンフェタミン塩酸塩
1153400,ベメグリド
1161001,アマンタジン塩酸塩
1162001,ビペリデン塩酸塩
1162400,乳酸ビペリデン
1163001,プロフェナミン塩酸塩
1163002,プロフェナミンヒベンズ酸塩
1164001,レボドパ
1164400,レボドパ
1169001,トリヘキシフェニジル塩酸塩
1169002,トリヘキシフェニジル塩酸塩
1169003,ピロヘプチン塩酸塩
1169004,マザチコール塩酸塩水和物
1169005,ブロモクリプチンメシル酸塩
1169006,ドロキシドパ
1169007,塩酸メチキセン
1169008,ペルゴリドメシル酸塩
1169009,タリペキソール塩酸塩
1169010,セレギリン塩酸塩
1169011,カベルゴリン
1169012,プラミペキソール塩酸塩水和物
1169013,ロピニロール塩酸塩
1169014,エンタカポン
1169015,ゾニサミド
1169016,イストラデフィリン
1169017,ラサギリンメシル酸塩
1169018,サフィナミドメシル酸塩
1169019,オピカポン
1169100,レボドパ・ベンセラジド塩酸塩
1169101,レボドパ・カルビドパ水和物
1169102,レボドパ・カルビドパ水和物・エンタカポン
1169400,アポモルヒネ塩酸塩水和物
1169700,ロチゴチン
1169701,ロピニロール塩酸塩
1171001,クロルプロマジン塩酸塩
1171004,ヒベンズ酸クロルプロマジン
1171005,クロルプロマジンフェノールフタリン酸塩
1171400,クロルプロマジン塩酸塩
1172004,ペルフェナジンフェンジゾ酸塩
1172005,プロペリシアジン
1172006,ペルフェナジン
1172007,ペルフェナジン
1172008,マレイン酸トリフロペラジン
1172009,フルフェナジンマレイン酸塩
1172010,プロクロルペラジンマレイン酸塩
1172013,ペルフェナジンマレイン酸塩
1172014,レボメプロマジンマレイン酸塩
1172402,塩酸ペルフェナジン
1172403,レボメプロマジン塩酸塩
1172404,プロクロルペラジン
1172405,フルフェナジンデカン酸エステル
1174002,クロミプラミン塩酸塩
1174004,ロフェプラミン塩酸塩
1174005,トリミプラミンマレイン酸塩
1174006,イミプラミン塩酸塩
1174401,クロミプラミン塩酸塩
1179001,アモキサピン
1179002,アミトリプチリン塩酸塩
1179004,ノルトリプチリン塩酸塩
1179005,ヒドロキシジン塩酸塩
1179006,ピパンペロン塩酸塩
1179008,マプロチリン塩酸塩
1179009,メチルフェニデート塩酸塩
1179010,塩酸モペロン
1179011,オキシペルチン
1179012,クロチアゼパム
1179015,スピペロン
1179016,スルピリド
1179017,炭酸リチウム
1179019,ヒドロキシジンパモ酸塩
1179020,ハロペリドール
1179022,ピモジド
1179023,ペモリン
1179024,ゾテピン
1179025,エチゾラム
1179026,チミペロン
1179027,ドスレピン塩酸塩
1179028,ブロムペリドール
1179029,塩酸カルピプラミン
1179030,クロカプラミン塩酸塩水和物
1179031,マレイン酸カルピプラミン
1179032,スルトプリド塩酸塩
1179033,ミアンセリン塩酸塩
1179034,セチプチリンマレイン酸塩
1179035,モサプラミン塩酸塩
1179036,ネモナプリド
1179037,トラゾドン塩酸塩
1179038,リスペリドン
1179039,フルボキサミンマレイン酸塩
1179040,ミルナシプラン塩酸塩
1179041,パロキセチン塩酸塩水和物
1179042,クエチアピンフマル酸塩
1179043,ペロスピロン塩酸塩水和物
1179044,オランザピン
1179045,アリピプラゾール
1179046,セルトラリン塩酸塩
1179047,モダフィニル
1179048,ブロナンセリン
1179049,クロザピン
1179050,アトモキセチン塩酸塩
1179051,ミルタザピン
1179052,デュロキセチン塩酸塩
1179053,パリペリドン
1179054,エスシタロプラムシュウ酸塩
1179055,ベンラファキシン塩酸塩
1179056,アセナピンマレイン酸塩
1179057,グアンファシン塩酸塩
1179058,ブレクスピプラゾール
1179059,リスデキサンフェタミンメシル酸塩
1179060,ボルチオキセチン臭化水素酸塩
1179061,ルラシドン塩酸塩
1179100,クロルプロマジン・プロメタジン
1179101,クロルプロマジン・プロメタジン
1179401,ヒドロキシジン塩酸塩
1179403,スルピリド
1179404,ハロペリドール
1179405,チミペロン
1179406,ハロペリドールデカン酸エステル
1179407,リスペリドン
1179408,オランザピン
1179409,パリペリドンパルミチン酸エステル
1179410,アリピプラゾール水和物
1179700,ブロナンセリン
1180101,非ピリン系感冒剤
1180102,非ピリン系感冒剤
1180105,非ピリン系感冒剤
1180107,非ピリン系感冒剤
1180108,非ピリン系感冒剤
1180109,非ピリン系感冒剤
1190004,チアプリド塩酸塩
1190008,マジンドール
1190010,テルグリド
1190011,リルゾール
1190012,ドネペジル塩酸塩
1190013,ピラセタム
1190014,タルチレリン水和物
1190015,ナルフラフィン塩酸塩
1190016,ラメルテオン
1190017,プレガバリン
1190018,メマンチン塩酸塩
1190019,ガランタミン臭化水素酸塩
1190020,ガバペンチン　エナカルビル
1190021,テトラベナジン
1190022,アカンプロサートカルシウム
1190023,スボレキサント
1190024,フマル酸ジメチル
1190025,ナルメフェン塩酸塩水和物
1190026,ミロガバリンベシル酸塩
1190027,レンボレキサント
1190028,メラトニン
1190029,リスジプラム
1190030,ラスミジタンコハク酸塩
1190031,バルベナジントシル酸塩
1190401,エダラボン
1190402,ナタリズマブ（遺伝子組換え）
1190403,ヌシネルセンナトリウム
1190404,ガルカネズマブ（遺伝子組換え）
1190405,オファツムマブ（遺伝子組換え）
1190406,エレヌマブ（遺伝子組換え）
1190407,フレマネズマブ（遺伝子組換え）
1190700,リバスチグミン
1211400,テトラカイン塩酸塩
1211401,プロカイン塩酸塩
1211700,パラブチルアミノ安息香酸ジエチルアミノエチル塩酸塩
1211701,プロカイン塩酸塩
1212001,アミノ安息香酸エチル
1213400,ジブカイン塩酸塩
1213700,ジブカイン塩酸塩
1214001,リドカイン塩酸塩
1214400,リドカイン塩酸塩
1214401,リドカイン
1214402,メピバカイン塩酸塩
1214403,ブピバカイン塩酸塩水和物
1214404,リドカイン
1214405,ロピバカイン塩酸塩水和物
1214406,メピバカイン塩酸塩
1214407,塩酸レボブピバカイン
1214700,リドカイン塩酸塩
1214701,リドカイン
1219002,オキセサゼイン
1219003,ピペリジノアセチルアミノ安息香酸エチル
1219500,ジブカイン塩酸塩・パラブチルアミノ安息香酸ジエチルアミノエチル塩酸塩
1219700,塩酸オキシブプロカイン
1219800,リドカイン・プロピトカイン配合剤
1222001,クロルゾキサゾン
1224400,スキサメトニウム塩化物水和物
1224401,スキサメトニウム塩化物水和物
1225001,クロルフェネシンカルバミン酸エステル
1225002,フェンプロバメート
1225003,メトカルバモール
1226400,塩化ツボクラリン
1229002,ダントロレンナトリウム水和物
1229003,プリジノールメシル酸塩
1229400,臭化パンクロニウム
1229401,プリジノールメシル酸塩
1229402,ダントロレンナトリウム水和物
1229403,ベクロニウム臭化物
1229404,Ａ型ボツリヌス毒素
1229405,ロクロニウム臭化物
1229406,Ｂ型ボツリヌス毒素
1229407,インコボツリヌストキシンＡ
1231001,アンベノニウム塩化物
1231003,塩化トロスピウム
1231004,ベタネコール塩化物
1231008,プロパンテリン臭化物
1231009,メペンゾラート臭化物
1231010,アクラトニウムナパジシル酸塩
1231011,ヨウ化オキサピウム
1231013,チキジウム臭化物
1231014,ジスチグミン臭化物
1231403,臭化プリフィニウム
1232400,アセチルコリン塩化物
1233001,ネオスチグミン臭化物
1233400,ネオスチグミンメチル硫酸塩
1233500,ネオスチグミンメチル硫酸塩・アトロピン硫酸塩水和物
1234400,塩酸トラゾリン
1239002,塩酸ジサイクロミン
1239003,ピリドスチグミン臭化物
1239100,ピペリジノアセチルアミノ安息香酸エチル配合剤
1239101,メペンゾラート臭化物・フェノバルビタール
1242002,ブチルスコポラミン臭化物
1242003,ブトロピウム臭化物
1242006,Ｎ－メチルスコポラミンメチル硫酸塩
1242008,アトロピン硫酸塩水和物
1242400,スコポラミン臭化水素酸塩水和物
1242401,ブチルスコポラミン臭化物
1242402,臭化ブトロピウム
1242404,ヨウ化チエモニウム
1242405,アトロピン硫酸塩水和物
1242406,アトロピン硫酸塩水和物
1242700,臭化ブチルスコポラミン
1243001,パパベリン塩酸塩
1243002,パパベリン塩酸塩
1243400,パパベリン塩酸塩
1244400,硫酸マグネシウム水和物・ブドウ糖
1244401,硫酸マグネシウム水和物
1244402,硫酸マグネシウム
1249003,トルペリゾン塩酸塩
1249004,ピペリドレート塩酸塩
1249005,チメピジウム臭化物水和物
1249006,バクロフェン
1249007,フロプロピオン
1249008,アフロクアロン
1249009,エペリゾン塩酸塩
1249010,チザニジン塩酸塩
1249351,ロートエキス
1249400,チメピジウム臭化物水和物
1249401,バクロフェン
1259700,ソフピロニウム臭化物
1259701,グリコピロニウムトシル酸塩水和物
1290001,タファミジスメグルミン
1290400,パチシランナトリウム
1311701,シクロペントラート塩酸塩
1311702,フェニレフリン塩酸塩
1311703,ホマトロピン臭化水素酸塩
1311705,トロピカミド
1311706,アトロピン硫酸塩水和物
1311707,ジピベフリン塩酸塩
1312700,ピロカルピン塩酸塩
1312701,ピロカルピン塩酸塩
1312704,ジスチグミン臭化物
1313700,オキシブプロカイン塩酸塩
1314700,硝酸銀
1314701,ホウ酸
1314702,ホウ砂
1315700,デキサメタゾン
1315701,デキサメタゾンメタスルホ安息香酸エステルナトリウム
1315702,デキサメタゾンリン酸エステルナトリウム
1315703,ヒドロコルチゾン酢酸エステル
1315704,フルオロメトロン
1315705,プレドニゾロン酢酸エステル
1315706,ベタメタゾンリン酸エステルナトリウム
1315707,プレドニゾロン酢酸エステル
1316700,ナファゾリン硝酸塩
1317702,クロラムフェニコール
1317706,ゲンタマイシン硫酸塩
1317708,トブラマイシン
1317709,硫酸ミクロノマイシン
1317710,ジベカシン硫酸塩
1317711,硫酸シソマイシン
1317712,ピマリシン
1317713,セフメノキシム塩酸塩
1317714,アジスロマイシン水和物
1319002,ジクロフェナミド
1319004,ヘレニエン
1319401,ベルテポルフィン
1319402,ペガプタニブナトリウム
1319403,ラニビズマブ（遺伝子組換え）
1319404,トリアムシノロンアセトニド
1319405,アフリベルセプト（遺伝子組換え）
1319406,ブロルシズマブ（遺伝子組換え）
1319407,ラニビズマブ（遺伝子組換え）［ラニビズマブ後続１］
1319408,ファリシマブ（遺伝子組換え）
1319701,カルテオロール塩酸塩
1319702,チモロールマレイン酸塩
1319703,アズレンスルホン酸ナトリウム水和物
1319706,ピレノキシン
1319707,グリチルリチン酸二カリウム
1319708,グルタチオン
1319709,コンドロイチン硫酸エステルナトリウム
1319710,シアノコバラミン
1319711,スルフイソキサゾール
1319714,フラビンアデニンジヌクレオチド
1319715,ポリビニルアルコールヨウ素
1319716,硫酸亜鉛水和物
1319717,クロモグリク酸ナトリウム
1319718,リゾチーム塩酸塩
1319719,アシクロビル
1319720,精製ヒアルロン酸ナトリウム
1319721,インドメタシン
1319722,オフロキサシン
1319723,イドクスウリジン
1319724,プラノプロフェン
1319725,アンレキサノクス
1319726,ジクロフェナクナトリウム
1319727,ノルフロキサシン
1319730,ケトチフェンフマル酸塩
1319731,オキシグルタチオン
1319732,イソプロピルウノプロストン
1319733,ベタキソロール塩酸塩
1319734,塩酸ロメフロキサシン
1319735,ペミロラストカリウム
1319736,トラニラスト
1319737,アプラクロニジン塩酸塩
1319738,ドルゾラミド塩酸塩
1319739,ラタノプロスト
1319740,ニプラジロール
1319741,イブジラスト
1319742,レボフロキサシン水和物
1319743,ブロムフェナクナトリウム水和物
1319744,レボブノロール塩酸塩
1319745,アシタザノラスト水和物
1319746,レボカバスチン塩酸塩
1319747,ブナゾシン塩酸塩
1319748,ブリンゾラミド
1319749,ガチフロキサシン水和物
1319750,シクロスポリン
1319751,トスフロキサシントシル酸塩水和物
1319752,オロパタジン塩酸塩
1319753,モキシフロキサシン塩酸塩
1319754,トラボプロスト
1319755,タクロリムス水和物
1319756,タフルプロスト
1319757,ビマトプロスト
1319758,ジクアホソルナトリウム
1319759,ネパフェナク
1319760,レバミピド
1319761,ブリモニジン酒石酸塩
1319762,エピナスチン塩酸塩
1319763,リパスジル塩酸塩水和物
1319764,オミデネパグ　イソプロピル
1319800,エリスロマイシンラクトビオン酸塩・コリスチンメタンスルホン酸ナトリウム
1319801,エリスロマイシンラクトビオン酸塩・コリスチンメタンスルホン酸ナトリウム
1319802,クロラムフェニコール・コリスチンメタンスルホン酸ナトリウム
1319803,コンドロイチン硫酸ナトリウム・塩酸ナファゾリン
1319804,コンドロイチン硫酸ナトリウム・塩酸ナファゾリン
1319807,フラジオマイシン硫酸塩・メチルプレドニゾロン
1319808,ホウ酸・無機塩類配合剤
1319809,ネオスチグミン・無機塩類配合剤
1319810,トロピカミド・フェニレフリン塩酸塩
1319811,フラビンアデニンジヌクレオチドナトリウム・コンドロイチン硫酸エステルナトリウム
1319812,ベタメタゾンリン酸エステルナトリウム・フラジオマイシン硫酸塩
1319813,ベタメタゾンリン酸エステルナトリウム・フラジオマイシン硫酸塩
1319814,ブドウ糖・無機塩類配合剤
1319816,精製ヒアルロン酸ナトリウム・コンドロイチン硫酸エステルナトリウム
1319817,ラタノプロスト・チモロールマレイン酸塩
1319818,精製ヒアルロン酸ナトリウム・コンドロイチン硫酸エステルナトリウム
1319819,ドルゾラミド塩酸塩・チモロールマレイン酸塩
1319820,トラボプロスト・チモロールマレイン酸塩
1319821,ブリンゾラミド・チモロールマレイン酸塩
1319822,タフルプロスト・チモロールマレイン酸塩
1319823,カルテオロール塩酸塩・ラタノプロスト
1319824,ブリモニジン酒石酸塩・チモロールマレイン酸塩
1319825,ブリモニジン酒石酸塩・ブリンゾラミド
1324700,オキシメタゾリン塩酸塩
1324701,塩酸テトラヒドロゾリン
1324702,トラマゾリン塩酸塩
1324703,硝酸テトラヒドロゾリン
1324704,ナファゾリン硝酸塩
1325701,クロラムフェニコール
1325702,セフメノキシム塩酸塩
1325703,ホスホマイシンナトリウム
1329100,ニコチン酸アミド・パパベリン塩酸塩
1329700,クロモグリク酸ナトリウム
1329701,ジオクチルソジウムスルホサクシネート
1329702,ベクロメタゾンプロピオン酸エステル
1329704,アンレキサノクス
1329705,ケトチフェンフマル酸塩
1329706,オフロキサシン
1329707,フルチカゾンプロピオン酸エステル
1329708,レボカバスチン塩酸塩
1329709,塩酸ロメフロキサシン
1329710,モメタゾンフランカルボン酸エステル水和物
1329711,フルチカゾンフランカルボン酸エステル
1329712,デキサメタゾンシペシル酸エステル
1329713,トラフェルミン（遺伝子組換え）
1329800,塩酸テトラヒドロゾリン・プレドニゾロン
1331001,ジメンヒドリナート
1339001,ｄｌ－イソプレナリン塩酸塩
1339002,ジフェニドール塩酸塩
1339005,ベタヒスチンメシル酸塩
1339100,ジフェンヒドラミン・ジプロフィリン
1339500,ジフェンヒドラミン・ジプロフィリン
1900400,ビルトラルセン
2113001,ジギトキシン
2113003,ジゴキシン
2113004,ジゴキシン
2113005,メチルジゴキシン
2113006,ラナトシドＣ
2113400,ジゴキシン
2113401,デスラノシド
2115001,アミノフィリン水和物
2115002,アミノフィリン水和物
2115003,安息香酸ナトリウムカフェイン
2115004,カフェイン水和物
2115005,コリンテオフィリン
2115007,ジプロフィリン
2115008,プロキシフィリン
2115009,無水カフェイン
2115400,アミノフィリン水和物
2115401,ジプロフィリン
2115402,プロキシフィリン
2115403,安息香酸ナトリウムカフェイン
2115404,アミノフィリン水和物
2115405,無水カフェイン
2119001,エチレフリン塩酸塩
2119002,ｄｌ－イソプレナリン塩酸塩
2119003,ユビデカレノン
2119004,デノパミン
2119005,ベスナリノン
2119006,ピモベンダン
2119007,ドカルパミン
2119400,ｌ－イソプレナリン塩酸塩
2119401,エチレフリン塩酸塩
2119402,ドパミン塩酸塩
2119404,ドブタミン塩酸塩
2119405,ブクラデシンナトリウム
2119407,オルプリノン塩酸塩水和物
2119408,ミルリノン
2119409,コルホルシンダロパート塩酸塩
2121001,プロカインアミド塩酸塩
2121400,プロカインアミド塩酸塩
2122001,キニジン硫酸塩水和物
2122002,キニジン硫酸塩水和物
2123001,アセブトロール塩酸塩
2123002,アルプレノロール塩酸塩
2123004,塩酸オクスプレノロール
2123005,カルテオロール塩酸塩
2123006,ブフェトロール塩酸塩
2123008,プロプラノロール塩酸塩
2123009,ピンドロール
2123011,アテノロール
2123014,アロチノロール塩酸塩
2123015,ナドロール
2123016,ビソプロロールフマル酸塩
2123402,プロプラノロール塩酸塩
2123404,ランジオロール塩酸塩
2123405,エスモロール塩酸塩
2129001,アジマリン
2129002,ジソピラミド
2129003,メキシレチン塩酸塩
2129004,アプリンジン塩酸塩
2129005,リン酸ジソピラミド
2129006,プロパフェノン塩酸塩
2129007,シベンゾリンコハク酸塩
2129008,ピルシカイニド塩酸塩水和物
2129009,フレカイニド酢酸塩
2129010,アミオダロン塩酸塩
2129011,ベプリジル塩酸塩水和物
2129012,ピルメノール塩酸塩水和物
2129013,ソタロール塩酸塩
2129401,リン酸ジソピラミド
2129402,ベラパミル塩酸塩
2129403,メキシレチン塩酸塩
2129404,アプリンジン塩酸塩
2129405,シベンゾリンコハク酸塩
2129406,フレカイニド酢酸塩
2129407,ニフェカラント塩酸塩
2129408,ピルシカイニド塩酸塩水和物
2129409,リドカイン塩酸塩
2129410,アミオダロン塩酸塩
2132003,トリクロルメチアジド
2132004,ヒドロクロロチアジド
2132006,ベンチルヒドロクロロチアジド
2133001,スピロノラクトン
2133002,トリアムテレン
2133400,カンレノ酸カリウム
2134001,アセタゾラミド
2134002,アセタゾラミド
2134400,アセタゾラミドナトリウム
2135001,メフルシド
2135003,クロルタリドン
2139001,イソソルビド
2139004,ブメタニド
2139005,フロセミド
2139007,ピレタニド
2139008,アゾセミド
2139009,トラセミド
2139010,モザバプタン塩酸塩
2139011,トルバプタン
2139400,ブメタニド
2139401,フロセミド
2139402,ピレタニド
2139403,トルバプタンリン酸エステルナトリウム
2142001,塩酸トドララジン
2142003,ブドララジン
2142004,ヒドララジン塩酸塩
2142005,カドララジン
2142400,ヒドララジン塩酸塩
2143006,レセルピン
2143400,レセルピン
2144001,カプトプリル
2144002,エナラプリルマレイン酸塩
2144003,アラセプリル
2144004,デラプリル塩酸塩
2144005,シラザプリル水和物
2144006,リシノプリル水和物
2144007,ベナゼプリル塩酸塩
2144008,イミダプリル塩酸塩
2144009,テモカプリル塩酸塩
2144010,キナプリル塩酸塩
2144011,トランドラプリル
2144012,ペリンドプリルエルブミン
2145001,メチルドパ水和物
2149001,クロニジン塩酸塩
2149002,プラゾシン塩酸塩
2149003,メチクラン
2149007,トリパミド
2149009,ラベタロール塩酸塩
2149010,メトプロロール酒石酸塩
2149011,ピンドロール
2149012,インダパミド
2149014,プロプラノロール塩酸塩
2149015,ブナゾシン塩酸塩
2149016,硫酸ペンブトロール
2149017,グアナベンズ酢酸塩
2149018,アモスラロール塩酸塩
2149019,ニカルジピン塩酸塩
2149020,ウラピジル
2149021,ニプラジロール
2149022,ニルバジピン
2149023,テラゾシン塩酸塩水和物
2149025,カルテオロール塩酸塩
2149026,ドキサゾシンメシル酸塩
2149027,マニジピン塩酸塩
2149028,塩酸チリソロール
2149029,セリプロロール塩酸塩
2149030,バルニジピン塩酸塩
2149031,ベタキソロール塩酸塩
2149032,カルベジロール
2149033,マロン酸ボピンドロール
2149034,エホニジピン塩酸塩エタノール付加物
2149035,フェロジピン
2149036,ベバントロール塩酸塩
2149037,シルニジピン
2149038,アラニジピン
2149039,ロサルタンカリウム
2149040,カンデサルタンシレキセチル
2149041,バルサルタン
2149042,テルミサルタン
2149043,アゼルニジピン
2149044,オルメサルタンメドキソミル
2149045,エプレレノン
2149046,イルベサルタン
2149047,アリスキレンフマル酸塩
2149048,アジルサルタン
2149049,エサキセレノン
2149103,ベンチルヒドロクロロチアジド・レセルピン配合剤
2149104,レセルピン・塩酸ヒドララジン配合剤
2149110,ロサルタンカリウム・ヒドロクロロチアジド
2149111,カンデサルタンシレキセチル・ヒドロクロロチアジド
2149112,バルサルタン・ヒドロクロロチアジド
2149113,テルミサルタン・ヒドロクロロチアジド
2149114,バルサルタン・アムロジピンベシル酸塩
2149115,オルメサルタンメドキソミル・アゼルニジピン
2149116,カンデサルタンシレキセチル・アムロジピンベシル酸塩
2149117,テルミサルタン・アムロジピンベシル酸塩
2149118,イルベサルタン・アムロジピンベシル酸塩
2149119,イルベサルタン・トリクロルメチアジド
2149120,バルサルタン・シルニジピン
2149121,アジルサルタン・アムロジピンベシル酸塩
2149122,テルミサルタン・アムロジピンベシル酸塩・ヒドロクロロチアジド
2149400,ニカルジピン塩酸塩
2149401,ニトロプルシドナトリウム水和物
2149700,ビソプロロール
2160002,ミドドリン塩酸塩
2160003,スマトリプタンコハク酸塩
2160004,ゾルミトリプタン
2160005,エレトリプタン臭化水素酸塩
2160006,リザトリプタン安息香酸塩
2160007,ナラトリプタン塩酸塩
2160350,ジヒドロエルゴタミンメシル酸塩
2160400,フェニレフリン塩酸塩
2160401,塩酸メトキサミン
2160402,スマトリプタンコハク酸塩
2160700,スマトリプタン
2171005,ジラゼプ塩酸塩水和物
2171006,ジルチアゼム塩酸塩
2171007,トリメタジジン塩酸塩
2171008,ベラパミル塩酸塩
2171010,ジピリダモール
2171011,硝酸イソソルビド
2171012,トラピジル
2171013,ニトログリセリン
2171014,ニフェジピン
2171016,硝酸イソソルビド
2171017,ニコランジル
2171018,ニトログリセリン
2171019,ニソルジピン
2171020,ニトレンジピン
2171021,ベニジピン塩酸塩
2171022,アムロジピンベシル酸塩
2171023,一硝酸イソソルビド
2171402,ジピリダモール
2171403,ニトログリセリン
2171404,硝酸イソソルビド
2171405,ジルチアゼム塩酸塩
2171406,ニコランジル
2171700,硝酸イソソルビド
2171701,ニトログリセリン
2172001,イノシトールヘキサニコチネート
2172002,イソクスプリン塩酸塩
2172006,ヘプロニカート
2172400,イソクスプリン塩酸塩
2179400,カルペリチド（遺伝子組換え）
2179700,亜硝酸アミル
2183001,クリノフィブラート
2183002,クロフィブラート
2183005,ベザフィブラート
2183006,フェノフィブラート
2183007,ペマフィブラート
2189001,エラスターゼ
2189002,ソイステロール
2189003,デキストラン硫酸ナトリウム
2189004,ニコモール
2189005,ニセリトロール
2189006,ポリエンホスファチジルコリン
2189008,プロブコール
2189009,コレスチラミン
2189010,プラバスタチンナトリウム
2189011,シンバスタチン
2189012,フルバスタチンナトリウム
2189014,コレスチミド
2189015,アトルバスタチンカルシウム水和物
2189016,ピタバスタチンカルシウム
2189017,ロスバスタチンカルシウム
2189018,エゼチミブ
2189019,オメガ－３脂肪酸エチル
2189020,ロミタピドメシル酸塩
2189101,エゼチミブ・アトルバスタチンカルシウム水和物
2189102,エゼチミブ・ロスバスタチンカルシウム
2189400,デキストラン硫酸ナトリウム
2189401,エボロクマブ（遺伝子組換え）
2189402,アリロクマブ（遺伝子組換え）
2190003,メクロフェノキサート塩酸塩
2190004,ガンマーアミノ酪酸
2190005,イフェンプロジル酒石酸塩
2190006,トコフェロールニコチン酸エステル
2190009,ポリスチレンスルホン酸ナトリウム
2190011,チトクロームＣ
2190016,ポリスチレンスルホン酸カルシウム
2190018,ジヒドロエルゴトキシンメシル酸塩
2190021,ニセルゴリン
2190022,アメジニウムメチル硫酸塩
2190023,ロメリジン塩酸塩
2190024,沈降炭酸カルシウム
2190025,セベラマー塩酸塩
2190026,ボセンタン水和物
2190027,ベラプロストナトリウム
2190028,シルデナフィルクエン酸塩
2190029,炭酸ランタン水和物
2190030,タダラフィル
2190031,アンブリセンタン
2190032,ビキサロマー
2190033,クエン酸第二鉄水和物
2190034,リオシグアト
2190035,マシテンタン
2190036,スクロオキシ水酸化鉄
2190037,セレキシパグ
2190038,メチロシン
2190039,イバブラジン塩酸塩
2190040,ジルコニウムシクロケイ酸ナトリウム水和物
2190041,サクビトリルバルサルタンナトリウム水和物
2190042,ベルイシグアト
2190043,タファミジス
2190044,フィネレノン
2190101,アムロジピンベシル酸塩・アトルバスタチンカルシウム水和物
2190102,アムロジピンベシル酸塩・アトルバスタチンカルシウム水和物
2190103,アムロジピンベシル酸塩・アトルバスタチンカルシウム水和物
2190104,アムロジピンベシル酸塩・アトルバスタチンカルシウム水和物
2190400,Ｄ－マンニトール
2190402,アルプロスタジル　アルファデクス
2190403,メクロフェノキサート塩酸塩
2190404,シチコリン
2190406,アルプロスタジル
2190407,フマル酸ニゾフェノン
2190408,アルガトロバン水和物
2190410,ヒトアンギオテンシンⅡ
2190411,インドメタシンナトリウム水和物
2190413,エポプロステノールナトリウム
2190414,ファスジル塩酸塩水和物
2190415,エポプロステノールナトリウム専用溶解液
2190416,トレプロスチニル
2190417,イブプロフェン　Ｌ－リシン
2190418,クラゾセンタンナトリウム
2190501,濃グリセリン・果糖
2190701,イロプロスト
2213400,ジモルホラミン
2213401,レバロルファン酒石酸塩
2219400,ドキサプラム塩酸塩水和物
2219402,ナロキソン塩酸塩
2219403,フルマゼニル
2219700,肺サーファクタント
2221002,エフェドリン塩酸塩
2221003,ｄｌ－メチルエフェドリン塩酸塩
2221400,エフェドリン塩酸塩
2221401,ｄｌ－メチルエフェドリン塩酸塩
2222001,ノスカピン
2222002,ノスカピン
2223001,デキストロメトルファン臭化水素酸塩水和物
2223400,デキストロメトルファン臭化水素酸塩水和物
2224001,ペントキシベリンクエン酸塩
2229001,ジメモルファンリン酸塩
2229002,クロフェダノール塩酸塩
2229004,クロペラスチン塩酸塩
2229006,クロペラスチンフェンジゾ酸塩
2229007,ベンプロペリンリン酸塩
2229100,鎮咳配合剤
2229101,鎮咳配合剤
2229102,鎮咳配合剤
2229103,鎮咳配合剤
2229104,ジプロフィリン・メトキシフェナミン配合剤
2229108,ｄｌ－塩酸メチルエフェドリン・マレイン酸クロルフェ
2229109,マオウエキス配合剤
2229110,マオウエキス配合剤
2229111,ジプロフィリン・ノスカピン配合剤
2229112,プロキシフィリン・エフェドリン
2229114,ジプロフィリン・ジヒドロコデイン配合剤
2229500,メチルエフェドリン・ジフェンヒドラミン
2229501,ノスカピン・メチルエフェドリン配合剤
2231001,セネガシロップ
2232001,アンモニア・ウイキョウ精
2233001,Ｌ－エチルシステイン塩酸塩
2233002,Ｌ－カルボシステイン
2233003,Ｌ－メチルシステイン塩酸塩
2233004,フドステイン
2233700,アセチルシステイン
2234001,ブロムヘキシン塩酸塩
2234400,ブロムヘキシン塩酸塩
2234700,ブロムヘキシン塩酸塩
2239001,アンブロキソール塩酸塩
2241001,キョウニン水
2241002,シャゼンソウエキス
2241003,オウヒエキス
2242001,コデインリン酸塩水和物
2242002,ジヒドロコデインリン酸塩
2249001,エプラジノン塩酸塩
2249002,グアイフェネシン
2249003,チペピジンヒベンズ酸塩
2249102,鎮咳去たん配合剤
2249103,鎮咳去たん配合剤
2249104,オウヒエキス・コデインリン酸塩水和物
2249105,ジヒドロコデイン・エフェドリン配合剤
2249106,デキストロメトルファン臭化水素酸塩水和物・クレゾールスルホン酸カリウム
2249107,鎮咳去たん配合剤
2249500,グアイフェネシン
2251001,テオフィリン
2251400,テオフィリン
2251700,ジプロフィリン
2251701,アミノフィリン
2252002,硫酸オルシプレナリン
2252003,テルブタリン硫酸塩
2252006,フェノテロール臭化水素酸塩
2252400,硫酸オルシプレナリン
2252401,テルブタリン硫酸塩
2252700,ｄｌ－イソプレナリン塩酸塩
2252703,硫酸オルシプレナリン
2252704,フェノテロール臭化水素酸塩
2254001,サルブタモール硫酸塩
2254700,サルブタモール硫酸塩
2259001,メトキシフェナミン塩酸塩
2259002,ツロブテロール塩酸塩
2259003,トリメトキノール塩酸塩水和物
2259004,プロカテロール塩酸塩水和物
2259005,フマル酸ホルモテロール
2259006,クレンブテロール塩酸塩
2259007,塩酸マブテロール
2259100,ｄｌ－イソプレナリン塩酸塩・プロナーゼ
2259700,トリメトキノール塩酸塩水和物
2259701,クロモグリク酸ナトリウム
2259702,イプラトロピウム臭化物水和物
2259703,ベクロメタゾンプロピオン酸エステル
2259704,プロカテロール塩酸塩水和物
2259706,オキシトロピウム臭化物
2259707,ツロブテロール
2259708,サルメテロールキシナホ酸塩
2259709,チオトロピウム臭化物水和物
2259710,インダカテロールマレイン酸塩
2259711,ホルモテロールフマル酸塩水和物
2259712,グリコピロニウム臭化物
2259713,アクリジニウム臭化物
2259714,ウメクリジニウム臭化物
2259800,ｄｌ－メチルエフェドリン塩酸塩・ジプロフィリン
2259801,チロキサポール
2259803,硫酸イソプロテレノール・臭化メチルアトロピン配合剤
2259805,インダカテロールマレイン酸塩・グリコピロニウム臭化物
2259806,ウメクリジニウム臭化物・ビランテロールトリフェニル酢酸塩
2259807,チオトロピウム臭化物水和物・オロダテロール塩酸塩
2259808,グリコピロニウム臭化物・ホルモテロールフマル酸塩水和物
2260700,アズレンスルホン酸ナトリウム水和物
2260701,ポビドンヨード
2260702,アズレンスルホン酸ナトリウム水和物・炭酸水素ナトリウム
2290001,ゲーファピキサントクエン酸塩
2290400,オマリズマブ（遺伝子組換え）
2290401,メポリズマブ（遺伝子組換え）
2290402,ベンラリズマブ（遺伝子組換え）
2290700,フルチカゾンプロピオン酸エステル
2290701,ブデソニド
2290702,シクレソニド
2290703,モメタゾンフランカルボン酸エステル
2290704,ドルナーゼ　アルファ（遺伝子組換え）
2290705,フルチカゾンフランカルボン酸エステル
2290800,サルメテロールキシナホ酸塩・フルチカゾンプロピオン酸エステル
2290801,ブデソニド・ホルモテロールフマル酸塩水和物
2290802,フルチカゾンプロピオン酸エステル・ホルモテロールフマル酸塩水和物
2290803,ビランテロールトリフェニル酢酸塩・フルチカゾンフランカルボン酸エステル
2290804,フルチカゾンフランカルボン酸エステル・ウメクリジニウム臭化物・ビランテロールトリフェニル酢酸塩
2290805,ブデソニド・グリコピロニウム臭化物・ホルモテロールフマル酸塩水和物
2290806,インダカテロール酢酸塩・モメタゾンフランカルボン酸エステル
2290807,インダカテロール酢酸塩・グリコピロニウム臭化物・モメタゾンフランカルボン酸エステル
2312001,タンニン酸アルブミン
2314002,ベルベリン塩化物水和物
2314400,ベルベリン硫酸塩水和物
2315002,次硝酸ビスマス
2315003,次炭酸ビスマス
2316001,耐性乳酸菌
2316002,耐性乳酸菌
2316003,ビフィズス菌
2316004,耐性乳酸菌
2316005,カゼイ菌
2316007,ビフィズス菌
2316009,酪酸菌
2316010,ビフィズス菌
2316011,耐性乳酸菌
2316012,ラクトミン
2316013,有胞子性乳酸菌
2316014,ビフィズス菌
2316015,有胞子性乳酸菌
2316016,耐性乳酸菌
2316017,酪酸菌
2316018,ビフィズス菌
2316019,耐性乳酸菌
2316020,ビフィズス菌
2318001,ジメチコン
2319001,ロペラミド塩酸塩
2319002,乳酸
2319003,薬用炭
2319100,ベルベリン塩化物水和物・ゲンノショウコエキス
2321001,メチルメチオニンスルホニウムクロライド
2321400,メチルメチオニンスルホニウムクロライド
2322001,Ｌ－グルタミン
2323001,アズレンスルホン酸ナトリウム水和物
2323002,エグアレンナトリウム水和物
2325001,シメチジン
2325002,ラニチジン塩酸塩
2325003,ファモチジン
2325004,ロキサチジン酢酸エステル塩酸塩
2325005,ニザチジン
2325006,ラフチジン
2325400,シメチジン
2325401,ファモチジン
2325402,ラニチジン塩酸塩
2325403,ロキサチジン酢酸エステル塩酸塩
2329001,アセグルタミドアルミニウム
2329002,アルジオキサ
2329004,セトラキサート塩酸塩
2329005,ピレンゼピン塩酸塩水和物
2329006,ゲファルナート
2329008,スクラルファート水和物
2329009,スルピリド
2329010,プログルミド
2329011,ソファルコン
2329012,テプレノン
2329013,リンゴ酸クレボプリド
2329014,プラウノトール
2329015,トロキシピド
2329019,ベネキサート塩酸塩　ベータデクス
2329020,イルソグラジンマレイン酸塩
2329021,レバミピド
2329022,オメプラゾール
2329023,ランソプラゾール
2329024,ミソプロストール
2329025,エンプロスチル
2329026,エカベトナトリウム水和物
2329027,ポラプレジンク
2329028,ラベプラゾールナトリウム
2329029,エソメプラゾールマグネシウム水和物
2329030,ボノプラザンフマル酸塩
2329100,プロパンテリン臭化物・クロロフィル配合剤
2329101,プロパンテリン臭化物・クロロフィル配合剤
2329103,塩酸ピペタナート含有配合剤
2329104,塩酸ピペタナート含有配合剤
2329105,ピペタナート塩酸塩含有配合剤
2329107,ジサイクロミン・水酸化アルミニウム配合剤
2329116,アルギン酸ナトリウム
2329118,カンゾウ抽出物・メタケイ酸アルミン酸マグネシウム
2329119,カンゾウ抽出物・メタケイ酸アルミン酸マグネシウム
2329122,アズレンスルホン酸ナトリウム水和物・Ｌ－グルタミン
2329125,メチオニン・メタケイ酸アルミン酸マグネシウム配合剤
2329401,スルピリド
2329402,ピレンゼピン塩酸塩水和物
2329403,オメプラゾールナトリウム
2329404,ランソプラゾール
2329604,幼牛血液抽出物
2331001,含糖ペプシン
2331003,ジアスターゼ
2331005,アスペルギルス属菌由来消化酵素
2331006,パンクレアチン
2331007,パンクレリパーゼ
2332001,乾燥酵母
2333001,苦味チンキ
2333002,コンズランゴ流エキス
2333003,センブリ
2333004,トウヒ
2333005,ホミカエキス
2333006,ホミカチンキ
2334001,ケイヒ油
2335001,希塩酸
2336400,カルニチン塩化物
2339003,β－ガラクトシダーゼ（アスペルギルス）
2339004,β－ガラクトシダーゼ（ペニシリウム）
2339101,炭酸水素ナトリウム・ニガキ
2339105,炭酸水素ナトリウム・ゲンチアナ末配合剤
2339106,センブリ・重曹
2339107,炭酸水素ナトリウム・ゲンチアナ末配合剤
2339108,センブリ・重曹
2339113,サナクターゼ配合剤
2339114,サナクターゼ配合剤
2339137,納豆菌配合消化酵素製剤
2339143,サンプローゼ配合剤
2339145,モルシン配合剤
2339146,モルシン配合剤
2339147,タカヂアスターゼ配合剤
2339148,タカヂアスターゼ配合剤
2339149,ジアスターゼ配合剤
2339150,ジアスターゼ配合剤
2339151,納豆菌配合消化酵素製剤
2339154,サンプローゼ配合剤
2339159,ビオヂアスターゼ１０００配合剤
2339161,ビオヂアスターゼ１０００配合剤
2339163,膵臓性消化酵素配合剤
2339164,膵臓性消化酵素配合剤
2339165,ヒロダーゼ配合剤
2339166,ヒロダーゼ配合剤
2339177,タカヂアスターゼ・生薬配合剤
2339178,ジアスターゼ・生薬配合剤
2339179,ビオヂアスターゼ・生薬配合剤
2339180,ジアスターゼ・生薬配合剤
2339181,ビオヂアスターゼ・生薬配合剤
2339182,ジアスターゼ・生薬配合剤
2339183,ジアスターゼ・生薬配合剤
2339185,ジアスターゼ・生薬配合剤
2339186,ジアスターゼ・生薬配合剤
2339187,カンゾウ末配合剤
2339188,ジアスターゼ・生薬配合剤
2339189,ジアスターゼ・生薬配合剤
2339193,ビオヂアスターゼ・生薬配合剤
2339194,胃粘膜抽出物・シアノコバラミン
2339195,ロートエキス・ゲンチアナ末配合剤
2339198,ビオヂアスターゼ２０００配合剤
2339205,ビオヂアスターゼ１０００配合剤
2339206,ビオヂアスターゼ１０００配合剤
2339209,ビオヂアスターゼ２０００配合剤
2339214,ビオヂアスターゼ１０００配合剤
2339218,ビオヂアスターゼ２０００配合剤
2339219,ビオヂアスターゼ２０００配合剤
2339225,ビオヂアスターゼ２０００配合剤
2339226,ビオヂアスターゼ２０００配合剤
2339229,ビオヂアスターゼ２０００配合剤
2339230,ビオヂアスターゼ２０００配合剤
2339231,ジアスターゼ配合剤
2339234,ビオヂアスターゼ２０００配合剤
2339235,ビオヂアスターゼ２０００配合剤
2339241,ビオヂアスターゼ２０００配合剤
2339244,ビオヂアスターゼ２０００配合剤
2339249,ビオヂアスターゼ２０００配合剤
2339250,ビオヂアスターゼ１０００配合剤
2339251,ビオヂアスターゼ１０００配合剤
2339255,ビオヂアスターゼ２０００配合剤
2339257,ビオヂアスターゼ２０００配合剤
2339258,ビオヂアスターゼ２０００配合剤
2339259,ビオヂアスターゼ２０００配合剤
2339262,ビオヂアスターゼ２０００配合剤
2339263,ビオヂアスターゼ・生薬配合剤
2339264,カンゾウ末配合剤
2339265,ビオヂアスターゼ２０００配合剤
2339266,カンゾウ末配合剤
2343001,合成ケイ酸アルミニウム
2343002,天然ケイ酸アルミニウム
2343005,乾燥水酸化アルミニウムゲル
2343006,合成ヒドロタルサイト
2343007,メタケイ酸アルミン酸マグネシウム
2344001,ケイ酸マグネシウム
2344002,酸化マグネシウム
2344003,水酸化マグネシウム
2344004,炭酸水素ナトリウム
2344005,炭酸水素ナトリウム
2344006,炭酸マグネシウム
2344007,沈降炭酸カルシウム
2344008,沈降炭酸カルシウム
2344009,酸化マグネシウム
2349100,水酸化アルミニウムゲル・水酸化マグネシウム
2349101,水酸化アルミニウムゲル・水酸化マグネシウム
2349102,水酸化アルミニウムゲル・水酸化マグネシウム
2354001,カスカラサグラダ流エキス
2354002,センナエキス
2354003,センノシド
2355001,硫酸カリウム
2355002,硫酸マグネシウム水和物
2356001,ヒマシ油
2356002,加香ヒマシ油
2357700,グリセリン
2357701,グリセリン
2359001,カルメロースナトリウム
2359002,カルメロースナトリウム
2359005,ピコスルファートナトリウム水和物
2359006,ルビプロストン
2359007,ナルデメジントシル酸塩
2359008,エロビキシバット水和物
2359102,センナ・センナ実
2359103,ダイオウ・センナ配合剤
2359106,複方カンゾウ
2359108,ジオクチルソジウムスルホサクシネート・カサンスラノール
2359109,人工カルルス塩
2359110,マクロゴール４０００・塩化ナトリウム・炭酸水素ナトリウム・塩化カリウム
2359700,ビサコジル
2359701,メチルセルロース
2359800,炭酸水素ナトリウム・無水リン酸二水素ナトリウム
2362001,ウルソデオキシコール酸
2362003,ケノデオキシコール酸
2362400,デヒドロコール酸
2369001,アネトールトリチオン
2369003,トレピブトン
2369004,ヒメクロモン
2391001,オンダンセトロン塩酸塩水和物
2391002,グラニセトロン塩酸塩
2391003,トロピセトロン塩酸塩
2391004,ラモセトロン塩酸塩
2391005,アザセトロン塩酸塩
2391006,オンダンセトロン
2391007,インジセトロン塩酸塩
2391008,アプレピタント
2391400,グラニセトロン塩酸塩
2391401,オンダンセトロン塩酸塩水和物
2391402,アザセトロン塩酸塩
2391403,ラモセトロン塩酸塩
2391404,パロノセトロン塩酸塩
2391405,ホスアプレピタントメグルミン
2391406,ホスネツピタント塩化物塩酸塩
2392001,トコン
2399001,アカメガシワエキス
2399004,メトクロプラミド
2399005,ドンペリドン
2399006,トリメブチンマレイン酸塩
2399008,イトプリド塩酸塩
2399009,メサラジン
2399010,モサプリドクエン酸塩水和物
2399011,ポリカルボフィルカルシウム
2399012,セビメリン塩酸塩水和物
2399013,ピロカルピン塩酸塩
2399014,ラモセトロン塩酸塩
2399015,アコチアミド塩酸塩水和物
2399016,ブデソニド
2399017,リナクロチド
2399018,カロテグラストメチル
2399100,ピペタナート塩酸塩・アカメガシワエキス
2399401,メトクロプラミド
2399402,インフリキシマブ（遺伝子組換え）
2399403,インフリキシマブ（遺伝子組換え）［インフリキシマブ後続１］
2399404,インフリキシマブ（遺伝子組換え）［インフリキシマブ後続２］
2399405,ベドリズマブ（遺伝子組換え）
2399406,インフリキシマブ（遺伝子組換え）［インフリキシマブ後続３］
2399700,複方ヨード・グリセリン
2399702,テトラサイクリン塩酸塩
2399706,デキサメタゾン
2399707,トリアムシノロンアセトニド
2399708,ベクロメタゾンプロピオン酸エステル
2399709,セチルピリジニウム塩化物水和物
2399710,デカリニウム塩化物
2399712,ドミフェン臭化物
2399713,アズレンスルホン酸ナトリウム水和物
2399714,ドンペリドン
2399715,メサラジン
2399716,ブデソニド
2399800,クロルヘキシジン塩酸塩・ジフェンヒドラミン配合剤
2399801,リン酸二カリウム・無機塩類配合剤
2399975,チョウジ油
2411400,テトラコサクチド酢酸塩
2411401,酢酸テトラコサクチド亜鉛
2412402,ソマトロピン（遺伝子組換え）
2412403,ソマプシタン（遺伝子組換え）
2412404,ソムアトロゴン（遺伝子組換え）
2413400,ヒト下垂体性性腺刺激ホルモン
2413401,血清性性腺刺激ホルモン
2413402,ヒト絨毛性性腺刺激ホルモン
2413403,精製下垂体性性腺刺激ホルモン
2413404,ホリトロピンアルファ（遺伝子組換え）
2413405,フォリトロピンベータ（遺伝子組換え）
2413406,コリオゴナドトロピン　アルファ（遺伝子組換え）
2413407,ホリトロピンデルタ（遺伝子組換え）
2414400,オキシトシン
2414402,バソプレシン
2419001,デスモプレシン酢酸塩水和物
2419400,デスモプレシン酢酸塩水和物
2419700,デスモプレシン酢酸塩水和物
2420001,唾液腺ホルモン
2431001,乾燥甲状腺
2431003,リオチロニンナトリウム
2431004,レボチロキシンナトリウム水和物
2431400,レボチロキシンナトリウム水和物
2432001,チアマゾール
2432002,プロピルチオウラシル
2432400,チアマゾール
2439400,テリパラチド（遺伝子組換え）
2439401,テリパラチド酢酸塩
2439402,テリパラチド（遺伝子組換え）［テリパラチド後続１］
2443400,ナンドロロンデカン酸エステル
2449003,メテノロン酢酸エステル
2449006,メスタノロン
2449403,メテノロンエナント酸エステル
2451400,アドレナリン
2451401,ノルアドレナリン
2451402,アドレナリン
2451700,アドレナリン
2452001,コルチゾン酢酸エステル
2452002,ヒドロコルチゾン
2452003,フルドロコルチゾン酢酸エステル
2452400,ヒドロコルチゾンコハク酸エステルナトリウム
2452402,ヒドロコルチゾンリン酸エステルナトリウム
2454002,デキサメタゾン
2454003,トリアムシノロン
2454004,ベタメタゾン
2454400,酢酸デキサメタゾン
2454401,デキサメタゾンメタスルホ安息香酸エステルナトリウム
2454402,トリアムシノロンアセトニド
2454404,ベタメタゾンリン酸エステルナトリウム
2454405,デキサメタゾンリン酸エステルナトリウム
2454407,デキサメタゾンパルミチン酸エステル
2454408,ベタメタゾン酢酸エステル・ベタメタゾンリン酸エステルナトリウム
2454700,ベタメタゾン
2454701,ベタメタゾンリン酸エステルナトリウム
2456001,プレドニゾロン
2456002,プレドニゾロン
2456003,メチルプレドニゾロン
2456400,メチルプレドニゾロンコハク酸エステルナトリウム
2456402,メチルプレドニゾロン酢酸エステル
2456405,プレドニゾロンコハク酸エステルナトリウム
2456700,プレドニゾロンリン酸エステルナトリウム
2459100,ベタメタゾン・ｄ－クロルフェニラミンマレイン酸塩
2459400,プラステロン硫酸エステルナトリウム水和物
2459700,プラステロン硫酸ナトリウム
2461400,テストステロンエナント酸エステル
2461401,テストステロンプロピオン酸エステル
2462001,メチルテストステロン
2471001,ホスフェストロール
2471400,ホスフェストロール
2473001,エストラジオール
2473400,安息香酸エストラジオール
2473401,エストラジオール安息香酸エステル
2473402,エストラジオール吉草酸エステル
2473403,エストラジオールプロピオン酸エステル
2473700,エストラジオール
2474001,エチニルエストラジオール
2475001,エストリオール
2475400,安息香酸酢酸エストリオール
2475401,エストリオール
2475402,エストリオールプロピオン酸エステル
2477001,プロゲステロン
2477400,ヒドロキシプロゲステロンカプロン酸エステル
2477401,プロゲステロン
2477700,プロゲステロン
2478001,クロルマジノン酢酸エステル
2478002,メドロキシプロゲステロン酢酸エステル
2478003,ジドロゲステロン
2479002,ノルエチステロン
2479003,アリルエストレノール
2479004,結合型エストロゲン
2479005,プレグナンジオール
2479400,オキセンドロン
2479401,ゲストノロンカプロン酸エステル
2481401,テストステロン・エストラジオール
2481402,テストステロンエナント酸エステル・エストラジオール吉草酸エステル
2481403,テストステロン・エストラジオール配合剤
2482001,エチニルエストラジオール・酢酸エチノジオール
2482003,ノルエチステロン・メストラノール
2482004,ノルエチステロン・メストラノール
2482005,ノルゲストレル・エチニルエストラジオール
2482006,ノルエチステロン・メストラノール
2482007,クロルマジノン酢酸エステル・メストラノール
2482009,ノルエチステロン・エチニルエストラジオール
2482010,エストラジオール・レボノルゲストレル
2482011,ドロスピレノン・エチニルエストラジオール　ベータデクス
2482012,レボノルゲストレル・エチニルエストラジオール
2482400,プロゲステロン・安息香酸エストラジオール
2482401,ヒドロキシプロゲステロンカプロン酸エステル・エストラジオールプロピオン酸エステル
2482403,ヒドロキシプロゲステロンカプロン酸エステル・エストラジオール安息香酸エステル
2482800,エストラジオール・酢酸ノルエチステロン
2491001,カリジノゲナーゼ
2492403,インスリン　ヒト（遺伝子組換え）
2492405,イソフェンインスリン水性
2492406,インスリン
2492407,インスリン亜鉛水性
2492409,結晶性インスリン亜鉛水性
2492410,無晶性インスリン亜鉛水性
2492411,プロタミンインスリン亜鉛水性
2492413,インスリン　ヒト（遺伝子組換え）
2492414,インスリンリスプロ（遺伝子組換え）
2492415,インスリンアスパルト（遺伝子組換え）
2492416,インスリングラルギン（遺伝子組換え）
2492417,インスリンデテミル（遺伝子組換え）
2492418,インスリングルリジン（遺伝子組換え）
2492419,インスリンデグルデク（遺伝子組換え）
2492420,インスリングラルギン（遺伝子組換え）［インスリングラルギン後続１］
2492421,インスリングラルギン（遺伝子組換え）［インスリングラルギン後続２］
2492422,インスリンリスプロ（遺伝子組換え）［インスリンリスプロ後続１］
2492423,インスリンアスパルト（遺伝子組換え）［インスリンアスパルト後続１］
2492500,インスリン　デグルデク（遺伝子組換え）・インスリン　アスパルト（遺伝子組換え）
2492700,グルカゴン
2499001,シクロフェニル
2499002,ジノプロストンベータデクス
2499003,メピチオスタン
2499005,ジノプロストン
2499006,ミトタン
2499007,ダナゾール
2499008,トリロスタン
2499009,クロミフェンクエン酸塩
2499010,ジエノゲスト
2499011,デュタステリド
2499012,トルバプタン
2499013,レルゴリクス
2499014,セマグルチド（遺伝子組換え）
2499015,オシロドロスタットリン酸塩
2499401,ジノプロスト
2499402,ジノプロストトロメタミン
2499403,オクトレオチド酢酸塩
2499404,ゴナドレリン酢酸塩
2499405,ブセレリン酢酸塩
2499406,ゴセレリン酢酸塩
2499407,リュープロレリン酢酸塩
2499408,メカセルミン（遺伝子組換え）
2499409,ペグビソマント（遺伝子組換え）
2499410,リラグルチド（遺伝子組換え）
2499411,エキセナチド
2499412,デガレリクス酢酸塩
2499413,ランレオチド酢酸塩
2499414,メトレレプチン（遺伝子組換え）
2499415,リキシセナチド
2499416,デュラグルチド（遺伝子組換え）
2499417,パシレオチドパモ酸塩
2499418,セマグルチド（遺伝子組換え）
2499419,テデュグルチド（遺伝子組換え）
2499420,ガニレリクス酢酸塩
2499421,セトロレリクス酢酸塩
2499700,ゲメプロスト
2499701,ブセレリン酢酸塩
2499702,ナファレリン酢酸塩水和物
2511400,ヘキサミン
2519100,グルタミン酸・アラニン・アミノ酢酸配合剤
2519700,Ｄ－ソルビトール
2521701,クロラムフェニコール
2529700,プロテイン銀
2529701,エストリオール
2529702,クロトリマゾール
2529704,ミコナゾール硝酸塩
2529706,チニダゾール
2529707,メトロニダゾール
2529708,イソコナゾール硝酸塩
2529709,オキシコナゾール硝酸塩
2529710,レボノルゲストレル
2529950,幼牛血液抽出物
2531001,エルゴメトリンマレイン酸塩
2531002,メチルエルゴメトリンマレイン酸塩
2531400,エルゴメトリンマレイン酸塩
2531401,メチルエルゴメトリンマレイン酸塩
2559001,トリベノシド
2559002,静脈血管叢エキス
2559003,メリロートエキス
2559100,パラフレボン・センナ末配合剤
2559101,ブロメライン・トコフェロール酢酸エステル
2559102,メリロートエキス・ルチン
2559400,フェノール
2559500,硫酸アルミニウムカリウム水和物・タンニン酸
2559700,大腸菌死菌
2559805,ヒドロコルチゾン・フラジオマイシン配合剤
2559806,ヒドロコルチゾン・フラジオマイシン配合剤
2559807,リドカイン配合剤
2559808,大腸菌死菌・ヒドロコルチゾン
2559809,シコンエキス配合剤
2559811,ロートエキス・タンニン
2559813,トリベノシド・リドカイン
2559814,ジフルコルトロン吉草酸エステル・リドカイン
2590001,ウラジロガシエキス
2590002,フラボキサート塩酸塩
2590003,セルニチンポーレンエキス
2590004,リトドリン塩酸塩
2590005,オキシブチニン塩酸塩
2590007,プロピベリン塩酸塩
2590008,タムスロシン塩酸塩
2590009,ナフトピジル
2590010,シロドシン
2590011,コハク酸ソリフェナシン
2590012,トルテロジン酒石酸塩
2590013,イミダフェナシン
2590014,ミラベグロン
2590015,フェソテロジンフマル酸塩
2590016,タダラフィル
2590017,ビベグロン
2590018,シルデナフィルクエン酸塩
2590100,オオウメガサソウエキス・ハコヤナギエキス配合剤
2590102,ピネン・カンフェン配合剤
2590402,リトドリン塩酸塩
2590500,硫酸マグネシウム水和物・ブドウ糖
2590700,オキシブチニン塩酸塩
2590701,ジメチルスルホキシド
2611700,次亜塩素酸ナトリウム
2612700,希ヨードチンキ
2612701,ポビドンヨード
2612702,ヨウ素
2612703,ヨードチンキ
2612704,希ヨードチンキ
2612705,ヨードチンキ
2612706,ヨウ素
2612707,ヨードホルム
2614700,オキシドール
2614701,過マンガン酸カリウム
2615700,イソプロパノール
2615701,イソプロパノール
2615702,エタノール
2615703,消毒用エタノール
2615704,無水エタノール
2615705,エタノール
2616700,ベンザルコニウム塩化物
2616701,ベンゼトニウム塩化物
2616702,メチルロザニリン塩化物
2616703,クレゾール石ケン
2616706,薬用石ケン
2616707,ベンザルコニウム塩化物
2619700,アクリノール水和物
2619701,クレオソート
2619702,クロルヘキシジングルコン酸塩
2619704,フェノール
2619705,液状フェノール
2619706,消毒用フェノール
2619707,フェノール水
2619708,ホルマリン
2619709,マーキュロクロム
2619710,マーキュロクロム
2619711,レゾルシン
2619713,クロルヘキシジングルコン酸塩
2619714,アクリノール水和物
2619715,消毒用フェノール水
2619716,アルキルジアミノエチルグリシン塩酸塩
2619800,エタノール
2619801,エタノール
2619802,エタノール
2619803,エタノール
2619804,エタノール
2619805,エタノール
2619806,エタノール
2619807,アルキルポリアミノエチルグリシン
2619810,エタノール
2619812,エタノール
2619813,エタノール
2619814,エタノール
2619815,エタノール
2619816,エタノール
2619817,エタノール
2619818,エタノール
2619819,チオ硫酸ナトリウム水和物・エタノール
2619820,エタノール
2619821,エタノール
2619822,アルキルポリアミノエチルグリシン
2633701,スルファジアジン
2633705,スルファジアジン銀
2634700,一硫酸カナマイシン
2634701,エリスロマイシン
2634703,テトラサイクリン塩酸塩
2634704,テトラサイクリン塩酸塩
2634705,クロラムフェニコール
2634706,クロラムフェニコール
2634708,フシジン酸ナトリウム
2634710,ゲンタマイシン硫酸塩
2634711,フラジオマイシン硫酸塩
2634712,ポリミキシンＢ硫酸塩
2634713,クリンダマイシンリン酸エステル
2639700,ナジフロキサシン
2639701,オゼノキサシン
2639802,クロラムフェニコール・フラジオマイシン配合剤
2639803,硫酸コリスチン・硫酸フラジオマイシン
2639804,オキシテトラサイクリン塩酸塩・ポリミキシンＢ硫酸塩
2639805,バシトラシン・フラジオマイシン硫酸塩
2639806,フラジオマイシン硫酸塩・トリプシン
2641700,サリチル酸メチル
2642701,ジフェンヒドラミン
2642702,ジフェンヒドラミン
2642703,ジフェンヒドラミンラウリル硫酸塩
2643700,アンモニア水
2644700,酢酸鉛
2645700,カンフル
2645701,ｄｌ－カンフル
2645702,ｄ－カンフル
2646700,ジフルコルトロン吉草酸エステル
2646701,ベタメタゾン吉草酸エステル
2646703,ベタメタゾンジプロピオン酸エステル
2646704,デキサメタゾン
2646705,トリアムシノロンアセトニド
2646707,ピバル酸フルメタゾン
2646708,フルオシノニド
2646709,フルオシノロンアセトニド
2646711,フルドロキシコルチド
2646712,プレドニゾロン
2646713,クロベタゾールプロピオン酸エステル
2646714,ベクロメタゾンプロピオン酸エステル
2646717,ヒドロコルチゾン酪酸エステル
2646718,アムシノニド
2646719,ハルシノニド
2646720,プレドニゾロン吉草酸エステル酢酸エステル
2646721,酪酸プロピオン酸ヒドロコルチゾン
2646722,クロベタゾン酪酸エステル
2646723,ジフロラゾン酢酸エステル
2646724,デキサメタゾン吉草酸エステル
2646725,ジフルプレドナート
2646726,デキサメタゾンプロピオン酸エステル
2646727,アルクロメタゾンプロピオン酸エステル
2646729,デプロドンプロピオン酸エステル
2646730,ベタメタゾン酪酸エステルプロピオン酸エステル
2646731,モメタゾンフランカルボン酸エステル
2646732,プレドニゾロンファルネシル酸エステル
2647701,フラジオマイシン硫酸塩・プレドニゾロン
2647702,トリアムシノロン・フラジオマイシン配合剤
2647704,塩酸テトラサイクリン・酢酸ヒドロコルチゾン
2647705,オキシテトラサイクリン塩酸塩・ヒドロコルチゾン
2647707,フルオシノロンアセトニド・フラジオマイシン硫酸塩
2647708,ベタメタゾン吉草酸エステル・フラジオマイシン硫酸塩
2647709,ベタメタゾン吉草酸エステル・ゲンタマイシン硫酸塩
2649700,塩化亜鉛
2649701,水酸化カルシウム
2649702,硫酸亜鉛水和物
2649703,硫酸アルミニウムカリウム水和物
2649704,亜鉛華
2649705,亜鉛華デンプン
2649706,酸化亜鉛・豚脂
2649708,酸化亜鉛
2649709,チンク油
2649710,亜鉛華
2649711,カンタリスチンキ
2649712,トウガラシチンキ
2649713,イクタモール
2649715,次没食子酸ビスマス
2649716,ジメチルイソプロピルアズレン
2649717,アミノ安息香酸エチル
2649718,アルクロキサ
2649719,インドメタシン
2649720,グリチルレチン酸
2649722,クロタミトン
2649724,ビタミンＡ油
2649725,ブフェキサマク
2649726,ベンダザック
2649727,ウフェナマート
2649728,イブプロフェンピコノール
2649729,ケトプロフェン
2649730,ピロキシカム
2649731,フェルビナク
2649732,フルルビプロフェン
2649733,スプロフェン
2649734,ジクロフェナクナトリウム
2649735,ロキソプロフェンナトリウム水和物
2649800,ヒドロコルチゾン・クロタミトン
2649801,デキサメタゾン・脱脂大豆乾留タール
2649803,アクリノール・チンク油
2649804,フェノール・亜鉛華リニメント
2649805,トコフェロール・ビタミンＡ油
2649806,パップ剤
2649808,パップ剤
2649820,パップ剤
2649825,パップ剤
2649830,パップ剤
2649831,パップ剤
2649834,パップ剤
2649843,パップ剤
2649844,パップ剤
2649845,パップ剤
2649851,サリチル酸メチル・ジフェンヒドラミン配合剤
2649852,混合死菌製剤
2649855,カラミン
2649857,脱脂大豆乾留タール・ジフェンヒドラミン
2649858,サリチル酸メチル・グリチルレチン酸配合剤
2649859,サリチル酸メチル・ジフェンヒドラミン配合剤
2649864,サリチル酸メチル・ｄｌ－メントール
2649865,副腎エキス・ヘパリン類似物質配合剤
2649866,ヒドロコルチゾン酢酸エステル・フラジオマイシン配合剤
2649873,紫雲膏
2649878,サリチル酸メチル・ジフェンヒドラミン配合剤
2649887,パップ剤
2649892,パップ剤
2649893,パップ剤
2649894,パップ剤
2649895,パップ剤
2649896,エスフルルビプロフェン・ハッカ油
2649950,ヘパリン類似物質
2649976,タンニン酸
2652700,サリチル酸
2652701,サリチル酸
2653700,チアントール
2654700,モクタール
2655700,クロトリマゾール
2655701,エコナゾール硝酸塩
2655702,ミコナゾール硝酸塩
2655703,イソコナゾール硝酸塩
2655705,塩酸クロコナゾール
2655706,オキシコナゾール硝酸塩
2655707,スルコナゾール硝酸塩
2655708,ビホナゾール
2655709,ケトコナゾール
2655710,ラノコナゾール
2655711,ネチコナゾール塩酸塩
2655712,ルリコナゾール
2659700,イオウ
2659703,シクロピロクスオラミン
2659705,トルナフタート
2659708,ブテナフィン塩酸塩
2659710,テルビナフィン塩酸塩
2659711,アモロルフィン塩酸塩
2659712,リラナフタート
2659800,イオウ・サリチル酸・チアントール
2661700,酢酸
2661701,サリチル酸絆創膏
2661702,氷酢酸
2662700,カリ石ケン
2662701,グリセリンカリ
2662702,水酸化カリウム
2663700,硝酸銀
2669700,イオウ・カンフル
2669701,尿素
2669702,尿素
2679701,カルプロニウム塩化物
2691700,タカルシトール水和物
2691701,カルシポトリオール
2691702,マキサカルシトール
2699002,メトキサレン
2699003,ジアフェニルスルホン
2699701,メトキサレン
2699702,トレチノイントコフェリル
2699703,ブクラデシンナトリウム
2699704,ヨウ素
2699705,アルプロスタジル　アルファデクス
2699709,タクロリムス水和物
2699710,トラフェルミン（遺伝子組換え）
2699711,アダパレン
2699712,過酸化ベンゾイル
2699713,メトロニダゾール
2699714,デルゴシチニブ
2699715,ジファミラスト
2699801,精製白糖・ポビドンヨード
2699802,カルシポトリオール水和物・ベタメタゾンジプロピオン酸エステル
2699803,クリンダマイシンリン酸エステル水和物・過酸化ベンゾイル
2699804,マキサカルシトール・ベタメタゾン酪酸エステルプロピオン酸エステル
2699805,アダパレン・過酸化ベンゾイル
2699950,幼牛血液抽出物
2710803,リドカイン塩酸塩・アドレナリン酒石酸水素塩
2710805,塩酸リドカイン・エピネフリン
2710806,リドカイン塩酸塩・アドレナリン
2710810,メピバカイン塩酸塩
2710813,プロピトカイン塩酸塩・フェリプレシン
2710816,アミノ安息香酸エチル
2710817,テトラカイン塩酸塩
2710818,アミノ安息香酸エチル・パラブチルアミノ安息香酸ジエチルアミノエチル塩酸塩
2710819,アミノ安息香酸エチル・ジブカイン塩酸塩配合剤
2710820,塩酸リドカイン・エピネフリン
2760801,クロラムフェニコール
2760802,テトラサイクリン塩酸塩
2760803,エピジヒドロコレステリン・テトラサイクリン塩酸塩
2760804,ミノサイクリン塩酸塩
2760806,オキシテトラサイクリン塩酸塩
2760807,硫酸フラジオマイシン・酢酸ヒドロコルチゾン
2760808,フラジオマイシン硫酸塩
2790810,ヒドロコルチゾン酢酸エステル・ヒノキチオール配合剤
2790811,エピジヒドロコレステリン
2790818,酸化亜鉛・チョウジ油
2790820,ベンゼトニウム塩化物
2790821,塩化アルミニウム・セチルピリジニウム配合剤
2790823,トラフェルミン（遺伝子組換え）
2900001,セファランチン
2900002,ガンマオリザノール
2900003,プロプラノロール塩酸塩
2900350,セイヨウトチノキ種子エキス
2900400,セファランチン
2900401,コラゲナーゼ（クロストリジウム　ヒストリチクム）
3111002,ビタミンＡ
3111003,レチノールパルミチン酸エステル
3111400,レチノールパルミチン酸エステル
3112001,アルファカルシドール
3112004,カルシトリオール
3112005,ファレカルシトリオール
3112006,エルデカルシトール
3112401,マキサカルシトール
3112402,カルシトリオール
3113001,肝油
3119001,エトレチナート
3121001,チアミン塩化物塩酸塩
3121002,硝酸チアミン
3121400,チアミン塩化物塩酸塩
3122001,セトチアミン塩酸塩水和物
3122002,オクトチアミン
3122004,チアミンジスルフィド
3122006,ビスベンチアミン
3122007,フルスルチアミン
3122008,ベンフォチアミン
3122401,フルスルチアミン塩酸塩
3122402,チアミンジスルフィド
3122404,プロスルチアミン
3123400,コカルボキシラーゼ
3131001,フラビンアデニンジヌクレオチド
3131002,リボフラビン酪酸エステル
3131003,リボフラビン
3131400,フラビンアデニンジヌクレオチド
3131401,リボフラビンリン酸エステルナトリウム
3132001,ニコチン酸
3132002,ニコチン酸アミド
3132400,ニコチン酸
3133001,パンテチン
3133002,パントテン酸カルシウム
3133003,パントテン酸カルシウム
3133400,パンテチン
3133401,パンテノール
3134001,ピリドキシン塩酸塩
3134002,ピリドキシン塩酸塩
3134003,ピリドキサールリン酸エステル水和物
3134004,リン酸ピリドキサールカルシウム
3134400,ピリドキシン塩酸塩
3134402,ピリドキサールリン酸エステル水和物
3135001,葉酸
3135002,葉酸
3135400,葉酸
3136001,コバマミド
3136002,酢酸ヒドロキソコバラミン
3136004,メコバラミン
3136400,コバマミド
3136401,ヒドロキソコバラミン酢酸塩
3136402,シアノコバラミン
3136403,メコバラミン
3140001,アスコルビン酸
3140002,アスコルビン酸
3140400,アスコルビン酸
3140401,アスコルビン酸
3140500,アスコルビン酸・Ｌ－システイン
3150001,コハク酸トコフェロールカルシウム
3150002,トコフェロール酢酸エステル
3150400,トコフェロール酢酸エステル
3160001,フィトナジオン
3160002,メナテトレノン
3160400,フィトナジオン
3160401,メナテトレノン
3172400,チアミン・アスコルビン酸配合剤
3179100,リボフラビン・ピリドキシン塩酸塩
3179101,チアミンジスルフィド・Ｂ６・Ｂ１２配合剤
3179102,チアミンジスルフィド・Ｂ６・Ｂ１２配合剤
3179104,チアミンジスルフィド・Ｂ６・Ｂ１２配合剤
3179105,Ｂ１・Ｂ６・Ｂ１２配合剤
3179106,オクトチアミン・Ｂ２・Ｂ６・Ｂ１２配合剤
3179107,フルスルチアミン・Ｂ２・Ｂ６・Ｂ１２配合剤
3179108,ベンフォチアミン・Ｂ６・Ｂ１２配合剤
3179109,ベンフォチアミン・Ｂ６・Ｂ１２配合剤
3179110,ベンフォチアミン・Ｂ６・Ｂ１２配合剤
3179111,ベンフォチアミン・Ｂ６・Ｂ１２配合剤
3179112,ベンフォチアミン・Ｂ６・Ｂ１２配合剤
3179113,ベンフォチアミン・Ｂ６・Ｂ１２配合剤
3179115,アスコルビン酸・パントテン酸カルシウム
3179117,パンコール・Ｂ２・Ｂ６・ニコアミ配合剤
3179121,レチノール・カルシフェロール配合剤
3179122,パンコール・Ｂ２・Ｂ６・ニコアミ配合剤
3179502,フラビンアデニンジヌクレオチドナトリウム・ピリドキサールリン酸エステル水和物
3179503,チアミン塩化物塩酸塩・Ｂ６・Ｂ１２配合剤
3179504,チアミンジスルフィド・Ｂ６・Ｂ１２配合剤
3179505,フルスルチアミン・Ｂ６・Ｂ１２配合剤
3179506,チアミンモノホスフェイトジスルフィド・Ｂ６・Ｂ１２配合剤
3179507,チアミン・ニコチン酸アミド配合剤
3179508,高カロリー輸液用総合ビタミン剤
3179509,高カロリー輸液用総合ビタミン剤
3179510,高カロリー輸液用総合ビタミン剤
3179511,高カロリー輸液用総合ビタミン剤
3179513,高カロリー輸液用総合ビタミン剤
3179514,高カロリー輸液用総合ビタミン剤
3179515,高カロリー輸液用総合ビタミン剤
3179516,高カロリー輸液用総合ビタミン剤
3179517,高カロリー輸液用総合ビタミン剤
3179518,高カロリー輸液用総合ビタミン剤
3190001,ビオチン
3190400,ビオチン
3211001,乳酸カルシウム水和物
3211002,乳酸カルシウム水和物
3212001,グリセロリン酸カルシウム
3213001,グルコン酸カルシウム水和物
3213400,グルコン酸カルシウム水和物
3214001,Ｌ－アスパラギン酸カルシウム水和物
3215001,塩化カルシウム水和物
3215400,塩化カルシウム水和物
3215401,塩化カルシウム
3219001,リン酸水素カルシウム水和物
3219100,沈降炭酸カルシウム・コレカルシフェロール・炭酸マグネシウム
3221001,ヨウ化カリウム
3221002,ヨウ化カリウム
3221004,ヨウ素レシチン
3222003,硫酸鉄
3222004,硫酸鉄水和物
3222007,硫酸鉄水和物
3222010,フマル酸第一鉄
3222012,溶性ピロリン酸第二鉄
3222013,クエン酸第一鉄ナトリウム
3222400,含糖酸化鉄
3222402,シデフェロン
3222403,コンドロイチン硫酸・鉄コロイド
3222404,カルボキシマルトース第二鉄
3229001,塩化カリウム
3229002,塩化カリウム
3229003,酢酸カリウム
3229005,Ｌ－アスパラギン酸カリウム
3229007,グルコン酸カリウム
3229100,ナトリウム・カリウム・マグネシウム配合剤
3229101,ナトリウム・カリウム・マグネシウム配合剤
3229102,アスパラギン酸カリウム・マグネシウム
3229103,リン酸二水素ナトリウム一水和物・無水リン酸水素二ナトリウム
3229400,塩化カリウム
3229401,Ｌ－アスパラギン酸カリウム
3229402,亜セレン酸ナトリウム
3229500,アスパラギン酸カリウム・マグネシウム
3229501,塩化マンガン・硫酸亜鉛水和物配合剤
3229502,塩化第二鉄・硫酸亜鉛水和物配合剤
3231001,ブドウ糖
3231400,ブドウ糖
3231401,ブドウ糖
3232001,果糖
3232400,果糖
3233400,マルトース水和物
3234400,キシリトール
3234401,キシリトール
3239501,Ｄ－ソルビトール・Ｄ－マンニトール
3239502,高カロリー輸液用基本液
3239503,高カロリー輸液用基本液
3239507,高カロリー輸液用基本液
3239508,高カロリー輸液用基本液
3239509,高カロリー輸液用基本液
3239512,高カロリー輸液用基本液
3239513,高カロリー輸液用基本液
3239514,高カロリー輸液用基本液
3239515,高カロリー輸液用基本液
3239516,高カロリー輸液用基本液
3239527,高カロリー輸液用基本液
3253001,総合アミノ酸製剤
3253002,総合アミノ酸製剤
3253003,イソロイシン・ロイシン・バリン
3253401,高カロリー輸液用総合アミノ酸製剤
3253403,高カロリー輸液用総合アミノ酸製剤
3253404,肝不全用アミノ酸製剤
3253406,高カロリー輸液用総合アミノ酸製剤
3253407,高カロリー輸液用総合アミノ酸製剤
3253409,高カロリー輸液用総合アミノ酸製剤
3253410,肝不全用アミノ酸製剤
3253411,高カロリー輸液用総合アミノ酸製剤
3253412,高カロリー輸液用総合アミノ酸製剤
3253414,腎不全用アミノ酸製剤
3253415,腎不全用アミノ酸製剤
3253416,Ｌ－リシン塩酸塩・Ｌ－アルギニン塩酸塩
3259103,経腸成分栄養剤
3259107,経腸成分栄養剤
3259108,肝不全用成分栄養剤
3259109,経腸成分栄養剤
3259110,経腸成分栄養剤
3259111,肝不全用成分栄養剤
3259112,経腸成分栄養剤
3259113,経腸成分栄養剤
3259114,経腸成分栄養剤
3259115,経腸成分栄養剤
3259116,経腸成分栄養剤
3259117,経腸成分栄養剤
3259118,経腸成分栄養剤
3259119,経腸成分栄養剤
3259120,経腸成分栄養剤
3259503,総合アミノ酸製剤（キシリトール加）
3259505,総合アミノ酸製剤（キシリトール加）
3259508,総合アミノ酸製剤（ソルビトール加）
3259510,総合アミノ酸製剤（ブドウ糖加）
3259512,総合アミノ酸・グリセリン配合剤
3259513,総合アミノ酸製剤（キシリトール加）
3259514,アミノ酸・糖・電解質
3259515,アミノ酸・糖・電解質
3259516,アミノ酸・糖・電解質
3259517,アミノ酸・糖・電解質
3259518,アミノ酸・糖・電解質
3259519,アミノ酸・糖・電解質
3259520,アミノ酸・糖・電解質
3259521,アミノ酸・糖・脂肪・電解質
3259522,アミノ酸・糖・脂肪・電解質
3259523,アミノ酸・糖・電解質・ビタミン
3259524,アミノ酸・糖・電解質・ビタミン
3259525,アミノ酸・糖・電解質・ビタミン
3259526,アミノ酸・糖・電解質・ビタミン
3259527,アミノ酸・糖・電解質・ビタミン
3259528,アミノ酸・糖・電解質・ビタミン
3259529,アミノ酸・糖・電解質・ビタミン
3259530,アミノ酸・糖・電解質・ビタミン
3259531,アミノ酸・糖・電解質・ビタミン
3259532,アミノ酸・糖・電解質・ビタミン
3259533,アミノ酸・糖・電解質・ビタミン
3259534,アミノ酸・糖・電解質・ビタミン
3259535,アミノ酸・糖・電解質・ビタミン
3259536,アミノ酸・糖・電解質・ビタミン
3259537,アミノ酸・糖・電解質・脂肪・ビタミン
3259600,胎盤絨毛分解物
3259601,胎盤加水分解物
3262400,肝臓エキス・フラビンアデニンジヌクレオチド
3272001,マルツエキス
3279103,フェニルアラニン除去ミルク
3279104,ロイシン・イソロイシン・バリン除去ミルク
3279106,糖原病用ミルク
3279107,糖原病用ミルク
3291001,ブドウ酒
3299500,ダイズ油
3299501,ダイズ油
3299502,ダイズ油
3299504,ダイズ油
3299505,ダイズ油
3311400,塩化ナトリウム
3311401,生理食塩液
3311402,生理食塩液
3311403,塩化ナトリウム
3312400,デキストラン４０
3319400,ヒドロキシエチルデンプン７００００
3319401,塩化アンモニウム
3319402,塩化カリウム
3319403,塩化ナトリウム
3319404,乳酸ナトリウム
3319405,リン酸二カリウム
3319406,リン酸二カリウム
3319407,リン酸水素ナトリウム水和物・リン酸二水素ナトリウム水和物
3319408,ヒドロキシエチルデンプン１３００００
3319500,開始液
3319501,開始液
3319502,開始液
3319505,デキストラン４０・ブドウ糖
3319506,維持液
3319510,維持液
3319511,維持液
3319512,維持液
3319513,維持液
3319514,維持液
3319515,維持液
3319516,維持液
3319518,維持液
3319522,維持液
3319523,術後回復液
3319524,術後回復液
3319525,術後回復液
3319529,脱水補給液
3319530,脱水補給液
3319531,脱水補給液
3319534,乳酸リンゲル
3319535,ソルビトール加乳酸リンゲル
3319536,デキストラン４０・乳酸リンゲル
3319537,ブドウ糖加乳酸リンゲル
3319538,マルトース加乳酸リンゲル
3319539,リンゲル
3319542,維持液（キシリトール加）
3319547,ヒドロキシエチルデンプン７００００配合剤
3319550,酢酸維持液
3319551,ブドウ糖加酢酸リンゲル
3319553,維持液
3319554,デキストラン４０・乳酸リンゲル
3319555,酢酸維持液
3319556,維持液（ブドウ糖加）
3319557,酢酸リンゲル
3319558,維持液（複合糖加）
3319559,ブドウ糖加酢酸リンゲル
3319560,維持液（ブドウ糖加）
3319561,ブドウ糖加酢酸リンゲル
3319562,酢酸維持液（ブドウ糖加）
3319563,重炭酸リンゲル
3319564,重炭酸リンゲル
3321002,カルバゾクロムスルホン酸ナトリウム水和物
3321003,アドレノクロムモノアミノグアニジンメシル酸塩水和物
3321401,カルバゾクロムスルホン酸ナトリウム水和物
3322001,ゼラチン
3322002,精製ゼラチン
3322700,ゼラチン
3322701,ゼラチン
3323001,トロンビン
3323701,トロンビン
3323702,トロンビン
3325700,酸化セルロース
3326700,アルギン酸ナトリウム
3327002,トラネキサム酸
3327401,トラネキサム酸
3329100,カルバゾクロム・アスコルビン酸配合剤
3329402,ヘモコアグラーゼ
3329403,プロタミン硫酸塩
3329404,モノエタノールアミンオレイン酸塩
3329405,ポリドカノール
3331400,クエン酸ナトリウム水和物
3331401,クエン酸ナトリウム水和物
3331700,クエン酸ナトリウム水和物
3332001,ワルファリンカリウム
3334400,ヘパリンカルシウム
3334401,ヘパリンナトリウム
3334402,ヘパリンナトリウム
3334403,ダルテパリンナトリウム
3334404,パルナパリンナトリウム
3334405,レビパリンナトリウム
3334406,エノキサパリンナトリウム
3334700,ヘパリンナトリウム
3339001,ダビガトランエテキシラートメタンスルホン酸塩
3339002,エドキサバントシル酸塩水和物
3339003,リバーロキサバン
3339004,アピキサバン
3339400,フォンダパリヌクスナトリウム
3339401,トロンボモデュリンアルファ（遺伝子組換え）
3339600,ダナパロイドナトリウム
3339950,ヘパリン類似物質
3399001,チクロピジン塩酸塩
3399002,シロスタゾール
3399003,リマプロスト　アルファデクス
3399004,イコサペント酸エチル
3399005,ベラプロストナトリウム
3399006,サルポグレラート塩酸塩
3399007,アスピリン
3399008,クロピドグレル硫酸塩
3399009,プラスグレル塩酸塩
3399010,ルストロンボパグ
3399011,チカグレロル
3399100,アスピリン・ダイアルミネート
3399101,クロピドグレル硫酸塩・アスピリン
3399102,アスピリン・ランソプラゾール
3399103,アスピリン・ボノプラザンフマル酸塩
3399400,トロメタモール
3399401,ポロクサマー１８８
3399402,ミリモスチム
3399403,結核菌熱水抽出物
3399405,フィルグラスチム（遺伝子組換え）
3399406,レノグラスチム（遺伝子組換え）
3399407,ナルトグラスチム（遺伝子組換え）
3399408,フィルグラスチム（遺伝子組換え）［フィルグラスチム後続１］
3399409,フィルグラスチム（遺伝子組換え）［フィルグラスチム後続２］
3399410,ペグフィルグラスチム（遺伝子組換え）
3399411,フィルグラスチム（遺伝子組換え）［フィルグラスチム後続３］
3399412,イダルシズマブ（遺伝子組換え）
3399413,プレリキサホル
3399414,アンデキサネット　アルファ（遺伝子組換え）
3399500,ブドウ糖・無機塩類配合剤
3399800,乳酸リンゲル
3410500,人工透析液
3410501,人工透析液
3410503,人工透析液
3410505,人工透析液
3410506,人工透析液
3410507,人工透析液
3410508,人工透析液
3410515,人工透析液
3410518,人工透析液
3410520,人工透析液
3410521,人工透析液
3410522,人工透析液
3410523,人工透析液
3410524,人工透析液
3410525,人工透析液
3410526,人工透析液
3410527,人工透析液
3410528,人工透析液
3410529,人工透析液
3410530,人工透析液
3410531,人工透析液
3410532,人工透析液
3410533,人工透析液
3410534,人工透析液
3410535,人工透析液
3410536,人工透析液
3410537,人工透析液
3410538,人工透析液
3410539,人工透析液
3410540,人工透析液
3410541,人工透析液
3410542,人工透析液
3410543,人工透析液
3420409,腹膜透析液
3420410,腹膜透析液
3420411,腹膜透析液
3420412,腹膜透析液
3420413,腹膜透析液
3420414,腹膜透析液
3420415,腹膜透析液
3420416,腹膜透析液
3420417,腹膜透析液
3420418,腹膜透析液
3420419,腹膜透析液
3420420,腹膜透析液
3420421,腹膜透析液
3420422,腹膜透析液
3420423,腹膜透析液
3420424,腹膜透析液
3420425,腹膜透析液
3420426,腹膜透析液
3420427,腹膜透析液
3420428,腹膜透析液
3420429,腹膜透析液
3420430,腹膜透析液
3420431,腹膜透析液
3420432,腹膜透析液
3420433,腹膜透析液
3420434,腹膜透析液
3420435,腹膜透析液
3420436,腹膜透析液
3420437,腹膜透析液
3420438,腹膜透析液
3916001,グルクロノラクトン
3916400,グルクロン酸ナトリウム
3919001,プロトポルフィリン二ナトリウム
3919002,ジクロロ酢酸ジイソプロピルアミン
3919003,チオプロニン
3919005,マロチラート
3919006,タウリン
3919007,プロパゲルマニウム
3919100,グリチルリチン・ＤＬ－メチオニン配合剤
3919101,肝臓加水分解物配合剤
3919103,グリチルリチン酸・ＤＬ－メチオニン
3919300,肝臓加水分解物
3919400,グリチルリチン
3919401,デフィブロチドナトリウム
3919502,グリチルリチン・グリシン・システイン配合剤
3921001,エデト酸カルシウム二ナトリウム水和物
3921400,エデト酸カルシウム二ナトリウム水和物
3922001,グルタチオン
3922400,グルタチオン
3923400,ジメルカプロール
3925400,チオ硫酸ナトリウム水和物
3929001,ペニシラミン
3929003,球形吸着炭
3929004,ホリナートカルシウム
3929005,トリエンチン塩酸塩
3929006,アセチルシステイン
3929007,酢酸亜鉛水和物
3929008,デフェラシロクス
3929009,システアミン酒石酸塩
3929400,炭酸水素ナトリウム
3929401,プラリドキシムヨウ化物
3929402,デフェロキサミンメシル酸塩
3929403,ホリナートカルシウム
3929404,Ｌ－メチオニン
3929405,炭酸水素ナトリウム
3929406,メスナ
3929407,レボホリナートカルシウム
3929408,ヒドロキソコバラミン
3929409,スガマデクスナトリウム
3929410,デクスラゾキサン
3929411,ホメピゾール
3929412,メチルチオニニウム塩化物水和物
3932001,シアナミド
3939001,ジスルフィラム
3941001,コルヒチン
3942001,プロベネシド
3943001,アロプリノール
3949002,ベンズブロマロン
3949003,フェブキソスタット
3949004,トピロキソスタット
3949005,ドチヌラド
3949101,クエン酸カリウム・クエン酸ナトリウム水和物
3954400,ウロキナーゼ
3959001,リゾチーム塩酸塩
3959002,セミアルカリプロティナーゼ
3959003,セラペプターゼ
3959004,プロナーゼ
3959005,ブロメライン
3959100,ブロメライン・結晶トリプシン
3959400,バトロキソビン
3959402,アルテプラーゼ（遺伝子組換え）
3959406,イミグルセラーゼ（遺伝子組換え）
3959407,モンテプラーゼ（遺伝子組換え）
3959408,パミテプラーゼ（遺伝子組換え）
3959409,アガルシダーゼベータ（遺伝子組換え）
3959410,アガルシダーゼアルファ（遺伝子組換え）
3959411,ラロニダーゼ（遺伝子組換え）
3959412,アルグルコシダーゼアルファ（遺伝子組換え）
3959413,イデュルスルファーゼ（遺伝子組換え）
3959414,ガルスルファーゼ（遺伝子組換え）
3959415,ラスブリカーゼ（遺伝子組換え）
3959416,ベラグルセラーゼ　アルファ（遺伝子組換え）
3959417,エロスルファーゼ　アルファ（遺伝子組換え）
3959418,アスホターゼ　アルファ（遺伝子組換え）
3959419,セベリパーゼ　アルファ（遺伝子組換え）
3959420,アガルシダーゼベータ（遺伝子組換え）［アガルシダーゼベータ後続１］
3959421,エラペグアデマーゼ（遺伝子組換え）
3959422,セルリポナーゼ　アルファ（遺伝子組換え）
3959423,イデュルスルファーゼ　ベータ（遺伝子組換え）
3959424,パビナフスプ　アルファ（遺伝子組換え）
3959425,アバルグルコシダーゼ　アルファ（遺伝子組換え）
3959426,オリプダーゼ　アルファ（遺伝子組換え）
3959427,ベストロニダーゼ　アルファ（遺伝子組換え）
3959700,リゾチーム塩酸塩
3959701,ブロメライン
3959800,フィブリノリジン・デオキシリボヌクレアーゼ
3961001,アセトヘキサミド
3961002,グリクロピラミド
3961003,グリベンクラミド
3961004,クロルプロパミド
3961006,トルブタミド
3961007,グリクラジド
3961008,グリメピリド
3962001,ブホルミン塩酸塩
3962002,メトホルミン塩酸塩
3969001,グリブゾール
3969003,アカルボース
3969004,ボグリボース
3969006,ナテグリニド
3969007,ピオグリタゾン塩酸塩
3969008,ミチグリニドカルシウム水和物
3969009,ミグリトール
3969010,シタグリプチンリン酸塩水和物
3969011,ビルダグリプチン
3969012,アログリプチン安息香酸塩
3969013,レパグリニド
3969014,リナグリプチン
3969015,テネリグリプチン臭化水素酸塩水和物
3969016,アナグリプチン
3969017,サキサグリプチン水和物
3969018,イプラグリフロジン　Ｌ－プロリン
3969019,ダパグリフロジンプロピレングリコール水和物
3969020,ルセオグリフロジン水和物
3969021,トホグリフロジン水和物
3969022,カナグリフロジン水和物
3969023,エンパグリフロジン
3969024,トレラグリプチンコハク酸塩
3969025,オマリグリプチン
3969026,イメグリミン塩酸塩
3969100,ピオグリタゾン塩酸塩・メトホルミン塩酸塩
3969101,ピオグリタゾン塩酸塩・グリメピリド
3969102,ミチグリニドカルシウム水和物・ボグリボース
3969103,アログリプチン安息香酸塩・ピオグリタゾン塩酸塩
3969104,ビルダグリプチン・メトホルミン塩酸塩
3969105,アログリプチン安息香酸塩・メトホルミン塩酸塩
3969106,テネリグリプチン臭化水素酸塩水和物・カナグリフロジン水和物
3969107,シタグリプチンリン酸塩水和物・イプラグリフロジン　Ｌ－プロリン
3969108,エンパグリフロジン・リナグリプチン
3969109,アナグリプチン・メトホルミン塩酸塩
3969500,インスリン　デグルデク（遺伝子組換え）・リラグルチド（遺伝子組換え）
3969501,インスリングラルギン（遺伝子組換え）・リキシセナチド
3991400,コンドロイチン硫酸エステルナトリウム
3992001,アデノシン三リン酸二ナトリウム水和物
3992400,アデノシン三リン酸二ナトリウム水和物
3999001,ラクツロース
3999002,ミゾリビン
3999003,カモスタットメシル酸塩
3999004,シクロスポリン
3999005,アザチオプリン
3999006,Ｌ－システイン
3999007,イノシンプラノベクス
3999008,イプリフラボン
3999009,レボカルニチン塩化物
3999010,エチドロン酸二ナトリウム
3999011,チオクト酸アミド
3999012,サプロプテリン塩酸塩
3999013,エパルレスタット
3999014,タクロリムス水和物
3999015,ラクチトール水和物
3999016,メトトレキサート
3999017,ミコフェノール酸　モフェチル
3999018,アレンドロン酸ナトリウム水和物
3999019,リセドロン酸ナトリウム水和物
3999020,レフルノミド
3999021,ラロキシフェン塩酸塩
3999022,エベロリムス
3999023,シナカルセト塩酸塩
3999024,ジアゾキシド
3999025,ピルフェニドン
3999026,ミノドロン酸水和物
3999027,バゼドキシフェン酢酸塩
3999028,エルトロンボパグ　オラミン
3999029,フィンゴリモド塩酸塩
3999030,ミグルスタット
3999031,イグラチモド
3999032,フェニル酪酸ナトリウム
3999033,レボカルニチン
3999034,トファシチニブクエン酸塩
3999035,ベタイン
3999036,ニチシノン
3999037,エリグルスタット酒石酸塩
3999038,ヒドロキシクロロキン硫酸塩
3999039,ニンテダニブエタンスルホン酸塩
3999040,イバンドロン酸ナトリウム水和物
3999041,カルグルミン酸
3999042,アプレミラスト
3999043,バリシチニブ
3999044,エボカルセト
3999045,ミガーラスタット塩酸塩
3999046,ペフィシチニブ臭化水素酸塩
3999047,ロキサデュスタット
3999048,ウパダシチニブ水和物
3999049,ダプロデュスタット
3999050,バダデュスタット
3999051,シポニモド　フマル酸
3999052,エナロデュスタット
3999053,フィルゴチニブマレイン酸塩
3999054,アナモレリン塩酸塩
3999055,モリデュスタットナトリウム
3999056,アバコパン
3999100,Ｌ－アルギニン・Ｌ－アルギニン塩酸塩
3999400,アプロチニン
3999401,エルカトニン
3999403,ガベキサートメシル酸塩
3999405,ウリナスタチン
3999406,シクロスポリン
3999407,ナファモスタットメシル酸塩
3999408,精製ヒアルロン酸ナトリウム
3999409,Ｌ－グルタミン酸Ｌ－アルギニン
3999410,Ｌ－グルタミン酸ナトリウム水和物
3999411,オザグレルナトリウム
3999412,エポエチンアルファ（遺伝子組換え）
3999413,エポエチンベータ（遺伝子組換え）
3999414,カルシトニン（サケ）
3999415,チオクト酸
3999416,タクロリムス水和物
3999417,グスペリムス塩酸塩
3999418,パミドロン酸二ナトリウム水和物
3999419,アレンドロン酸ナトリウム水和物
3999420,インカドロン酸二ナトリウム
3999421,Ｌ－アルギニン塩酸塩
3999422,シベレスタットナトリウム水和物
3999423,ゾレドロン酸水和物
3999424,エタネルセプト（遺伝子組換え）
3999425,ダルベポエチンアルファ（遺伝子組換え）
3999426,アダリムマブ（遺伝子組換え）
3999427,エポエチンカッパ（遺伝子組換え）［エポエチンアルファ後続１］
3999428,ヒアルロン酸ナトリウム架橋処理ポリマー・ヒアルロン酸ナトリウム架橋処理ポリマービニルスルホン架橋体
3999429,アバタセプト（遺伝子組換え）
3999430,ロミプロスチム（遺伝子組換え）
3999431,ウステキヌマブ（遺伝子組換え）
3999432,エポエチン　ベータ　ペゴル（遺伝子組換え）
3999433,ゴリムマブ（遺伝子組換え）
3999434,カナキヌマブ（遺伝子組換え）
3999435,デノスマブ（遺伝子組換え）
3999436,レボカルニチン
3999437,セルトリズマブ　ペゴル（遺伝子組換え）
3999438,イバンドロン酸ナトリウム水和物
3999439,セクキヌマブ（遺伝子組換え）
3999440,グラチラマー酢酸塩
3999441,ブロダルマブ（遺伝子組換え）
3999442,イキセキズマブ（遺伝子組換え）
3999443,エテルカルセチド塩酸塩
3999444,サリルマブ（遺伝子組換え）
3999445,ベリムマブ（遺伝子組換え）
3999446,グセルクマブ（遺伝子組換え）
3999447,コンドリアーゼ
3999448,エタネルセプト（遺伝子組換え）［エタネルセプト後続１］
3999449,ロモソズマブ（遺伝子組換え）
3999450,リサンキズマブ（遺伝子組換え）
3999451,エタネルセプト（遺伝子組換え）［エタネルセプト後続２］
3999452,ブロスマブ（遺伝子組換え）
3999453,ダルベポエチンアルファ（遺伝子組換え）［ダルベポエチンアルファ後続１］
3999454,ダルベポエチンアルファ（遺伝子組換え）［ダルベポエチンアルファ後続２］
3999455,ダルベポエチンアルファ（遺伝子組換え）［ダルベポエチンアルファ後続３］
3999456,チルドラキズマブ（遺伝子組換え）
3999457,アダリムマブ（遺伝子組換え）［アダリムマブ後続１］
3999458,ジクロフェナクエタルヒアルロン酸ナトリウム
3999459,アダリムマブ（遺伝子組換え）［アダリムマブ後続２］
3999460,ウパシカルセトナトリウム水和物
3999461,ギボシランナトリウム
3999462,アニフロルマブ（遺伝子組換え）
3999463,アダリムマブ（遺伝子組換え）［アダリムマブ後続３］
3999464,ビメキズマブ（遺伝子組換え）
4121400,プラトニン
4191001,アデニン
4191400,アデニン
4199001,イノシン
4199400,イノシン
4211001,シクロホスファミド
4211002,シクロホスファミド水和物
4211401,シクロホスファミド水和物
4211402,イホスファミド
4212400,チオテパ
4213002,ブスルファン
4213400,ブスルファン
4219002,メルファラン
4219003,エストラムスチンリン酸エステルナトリウム水和物
4219004,テモゾロミド
4219400,ニムスチン塩酸塩
4219401,ダカルバジン
4219402,ラニムスチン
4219403,メルファラン
4219404,テモゾロミド
4219405,ベンダムスチン塩酸塩
4219406,ストレプトゾシン
4219700,カルムスチン
4221001,メルカプトプリン水和物
4222001,メトトレキサート
4222400,メトトレキサート
4223001,カルモフール
4223002,テガフール
4223003,フルオロウラシル
4223004,ドキシフルリジン
4223005,カペシタビン
4223400,テガフール
4223401,フルオロウラシル
4223700,テガフール
4223701,フルオロウラシル
4224001,シタラビン　オクホスファート水和物
4224401,シタラビン
4224402,エノシタビン
4224403,ゲムシタビン塩酸塩
4229001,ヒドロキシカルバミド
4229002,フルダラビンリン酸エステル
4229100,テガフール・ウラシル
4229101,テガフール・ギメラシル・オテラシルカリウム配合剤
4229400,フルダラビンリン酸エステル
4229401,ペメトレキセドナトリウムヘミペンタ水和物
4229402,ネララビン
4229403,クロファラビン
4229404,プララトレキサート
4231400,マイトマイシンＣ
4233400,アクチノマイシンＤ
4234400,ブレオマイシン塩酸塩
4234402,ペプロマイシン硫酸塩
4234700,ブレオマイシン硫酸塩
4235400,アクラルビシン塩酸塩
4235401,ダウノルビシン塩酸塩
4235402,ドキソルビシン塩酸塩
4235403,ピラルビシン塩酸塩
4235404,エピルビシン塩酸塩
4235405,イダルビシン塩酸塩
4235406,アムルビシン塩酸塩
4236401,ジノスタチンスチマラマー
4239400,ゲムツズマブオゾガマイシン（遺伝子組換え）
4239401,イノツズマブ　オゾガマイシン（遺伝子組換え）
4240001,エトポシド
4240400,ビンクリスチン硫酸塩
4240401,ビンブラスチン硫酸塩
4240402,ビンデシン硫酸塩
4240403,エトポシド
4240404,イリノテカン塩酸塩水和物
4240405,ドセタキセル
4240406,パクリタキセル
4240407,ビノレルビン酒石酸塩
4240408,ノギテカン塩酸塩
4240409,パクリタキセル
4240410,カバジタキセル　アセトン付加物
4291001,アセグラトン
4291002,プロカルバジン塩酸塩
4291003,タモキシフェンクエン酸塩
4291004,ソブゾキサン
4291005,フルタミド
4291006,トレチノイン
4291007,トレミフェンクエン酸塩
4291008,塩酸ファドロゾール水和物
4291009,ビカルタミド
4291010,アナストロゾール
4291011,イマチニブメシル酸塩
4291012,エキセメスタン
4291013,ゲフィチニブ
4291014,タミバロテン
4291015,レトロゾール
4291016,エルロチニブ塩酸塩
4291017,ソラフェニブトシル酸塩
4291018,スニチニブリンゴ酸塩
4291019,サリドマイド
4291020,ダサチニブ
4291021,ニロチニブ塩酸塩水和物
4291022,ラパチニブトシル酸塩水和物
4291023,エベロリムス
4291024,レナリドミド水和物
4291025,ボリノスタット
4291026,クリゾチニブ
4291027,アキシチニブ
4291028,パゾパニブ塩酸塩
4291029,レゴラフェニブ水和物
4291030,アファチニブマレイン酸塩
4291031,エンザルタミド
4291032,アレクチニブ塩酸塩
4291033,アビラテロン酢酸エステル
4291034,ルキソリチニブリン酸塩
4291035,シロリムス
4291036,ボスチニブ水和物
4291037,ベムラフェニブ
4291038,ポマリドミド
4291039,レンバチニブメシル酸塩
4291040,パノビノスタット乳酸塩
4291041,バンデタニブ
4291042,ベキサロテン
4291043,イブルチニブ
4291044,セリチニブ
4291045,オシメルチニブメシル酸塩
4291046,ダブラフェニブメシル酸塩
4291047,トラメチニブ　ジメチルスルホキシド付加物
4291048,ポナチニブ塩酸塩
4291049,イキサゾミブクエン酸エステル
4291050,フォロデシン塩酸塩
4291051,パルボシクリブ
4291052,オラパリブ
4291053,ギルテリチニブフマル酸塩
4291054,アベマシクリブ
4291055,ロルラチニブ
4291056,ダコミチニブ水和物
4291057,エンコラフェニブ
4291058,ビニメチニブ
4291059,アパルタミド
4291060,キザルチニブ塩酸塩
4291061,エヌトレクチニブ
4291062,ベネトクラクス
4291063,ダロルタミド
4291064,カボザンチニブリンゴ酸塩
4291065,テポチニブ塩酸塩水和物
4291066,チラブルチニブ塩酸塩
4291067,カプマチニブ塩酸塩水和物
4291068,ニラパリブトシル酸塩水和物
4291069,ブリグチニブ
4291070,アカラブルチニブ
4291071,ラロトレクチニブ硫酸塩
4291072,ペミガチニブ
4291073,タゼメトスタット臭化水素酸塩
4291074,ツシジノスタット
4291075,セルペルカチニブ
4291076,ソトラシブ
4291077,アシミニブ塩酸塩
4291400,Ｌ－アスパラギナーゼ
4291401,シスプラチン
4291402,ミトキサントロン塩酸塩
4291403,カルボプラチン
4291404,ペントスタチン
4291405,ネダプラチン
4291406,トラスツズマブ（遺伝子組換え）
4291407,リツキシマブ（遺伝子組換え）
4291408,クラドリビン
4291409,三酸化二ヒ素
4291410,オキサリプラチン
4291412,ボルテゾミブ
4291413,ベバシズマブ（遺伝子組換え）
4291414,イブリツモマブ　チウキセタン（遺伝子組換え）・塩化イットリウム（９０Ｙ）
4291415,セツキシマブ（遺伝子組換え）
4291416,ミリプラチン水和物
4291417,パニツムマブ（遺伝子組換え）
4291418,テムシロリムス
4291419,アザシチジン
4291420,エリブリンメシル酸塩
4291421,フルベストラント
4291422,モガムリズマブ（遺伝子組換え）
4291423,オファツムマブ（遺伝子組換え）
4291424,ペルツズマブ（遺伝子組換え）
4291425,ブレンツキシマブ　ベドチン（遺伝子組換え）
4291426,トラスツズマブ　エムタンシン（遺伝子組換え）
4291427,ニボルマブ（遺伝子組換え）
4291428,アレムツズマブ（遺伝子組換え）
4291429,ラムシルマブ（遺伝子組換え）
4291430,イピリムマブ（遺伝子組換え）
4291431,トラベクテジン
4291432,塩化ラジウム（２２３Ｒａ）
4291433,カルフィルゾミブ
4291434,エロツズマブ（遺伝子組換え）
4291435,ペムブロリズマブ（遺伝子組換え）
4291436,アフリベルセプト　ベータ（遺伝子組換え）
4291437,ダラツムマブ（遺伝子組換え）
4291438,アベルマブ（遺伝子組換え）
4291439,リツキシマブ（遺伝子組換え）［リツキシマブ後続１］
4291440,ロミデプシン
4291441,アテゾリズマブ（遺伝子組換え）
4291442,トラスツズマブ（遺伝子組換え）［トラスツズマブ後続１］
4291443,デュルバルマブ（遺伝子組換え）
4291444,オビヌツズマブ（遺伝子組換え）
4291445,ブリナツモマブ（遺伝子組換え）
4291446,トラスツズマブ（遺伝子組換え）［トラスツズマブ後続２］
4291447,トラスツズマブ（遺伝子組換え）［トラスツズマブ後続３］
4291448,ネシツムマブ（遺伝子組換え）
4291449,ベバシズマブ（遺伝子組換え）［ベバシズマブ後続１］
4291450,ベバシズマブ（遺伝子組換え）［ベバシズマブ後続２］
4291451,リツキシマブ（遺伝子組換え）［リツキシマブ後続２］
4291452,トラスツズマブ　デルクステカン（遺伝子組換え）
4291453,ボロファラン（１０Ｂ）
4291454,イサツキシマブ（遺伝子組換え）
4291455,ポラツズマブ　ベドチン（遺伝子組換え）
4291456,デニロイキン　ジフチトクス（遺伝子組換え）
4291457,ジヌツキシマブ（遺伝子組換え）
4291458,ルテチウムオキソドトレオチド（１７７Ｌｕ）
4291459,エンホルツマブ　ベドチン（遺伝子組換え）
4291460,３－ヨードベンジルグアニジン（１３１Ｉ）
4291461,ベバシズマブ（遺伝子組換え）［ベバシズマブ後続３］
4291500,ダラツムマブ（遺伝子組換え）・ボルヒアルロニダーゼ　アルファ（遺伝子組換え）
4291700,シロリムス
4299001,かわらたけの菌糸体
4299002,ウベニメクス
4299003,アナグレリド塩酸塩水和物
4299100,トリフルリジン・チピラシル塩酸塩
4299400,溶連菌抽出物
4299401,レンチナン
4299402,シゾフィラン
4299403,ポルフィマーナトリウム
4299404,タラポルフィンナトリウム
4299405,滅菌調整タルク
4299406,セツキシマブ　サロタロカンナトリウム（遺伝子組換え）
4300002,ヨウ化ナトリウム（１２３Ｉ）
4300003,ヨウ化ナトリウム（１３１Ｉ）
4300400,過テクネチウム酸ナトリウム（９９ｍＴｃ）
4300401,ジメルカプトコハク酸テクネチウム（９９ｍＴｃ）
4300402,テクネチウムスズコロイド（９９ｍＴｃ）
4300403,テクネチウムスズコロイド（９９ｍＴｃ）
4300404,テクネチウムスズコロイド（９９ｍＴｃ）
4300405,テクネチウム人血清アルブミン（９９ｍＴｃ）
4300406,ジエチレントリアミン五酢酸テクネチウム（９９ｍＴｃ）
4300408,ピロリン酸テクネチウム（９９ｍＴｃ）
4300410,メチレンジホスホン酸テクネチウム（９９ｍＴｃ）
4300411,テクネチウム大凝集人血清アルブミン（９９ｍＴｃ）
4300412,過テクネチウム酸ナトリウム（９９ｍＴｃ）
4300413,ヒドロキシメチレンジホスホン酸テクネチウム（９９ｍＴｃ）
4300415,ヒドロキシメチレンジホスホン酸テクネチウム（９９ｍＴｃ）
4300416,ジメルカプトコハク酸テクネチウム（９９ｍＴｃ）
4300417,フィチン酸テクネチウムナトリウム（９９ｍＴｃ）
4300418,エキサメタジムテクネチウム（９９ｍＴｃ）
4300419,人血清アルブミンジエチレントリアミン五酢酸テクネチウム（９９ｍＴｃ）
4300420,ジエチレントリアミン五酢酸インジウム（１１１Ｉｎ）
4300422,クロム酸ナトリウム（５１Ｃｒ）
4300423,クリプトン（８１ｍＫｒ）
4300424,ヨウ化人血清アルブミン（１３１Ｉ）
4300425,ヨウ化ヒプル酸ナトリウム（１３１Ｉ）
4300426,ヨウ化メチルノルコレステノール（１３１Ｉ）
4300428,クエン酸ガリウム（６７Ｇａ）
4300430,塩化インジウム（１１１Ｉｎ）
4300431,塩酸Ｎ－イソプロピル－４－ヨードアンフェタミン（１２３Ｉ）
4300432,塩化タリウム（２０１Ｔｌ）
4300435,ガラクトシル人血清アルブミンジエチレントリアミン五酢酸テクネチウム（９９ｍＴｃ）
4300436,インジウム（１１１Ｉｎ）オキシキノリン
4300437,メタヨードベンジルグアニジン（１２３Ｉ）
4300438,ヨードフェニルメチルペンタデカン酸（１２３Ｉ）
4300439,テトラキスメトキシイソブチルイソニトリル銅（Ｉ）四フッ化ホウ酸
4300440,ヘキサキスメトキシイソブチルイソニトリルテクネチウム（９９ｍＴｃ）
4300441,メタヨードベンジルグアニジン（１３１Ｉ）
4300442,エチレンジシスティネートオキソテクネチウム（９９ｍＴｃ）
4300443,エチレンジシスティネートオキソテクネチウム（９９ｍＴｃ）
4300444,ベンゾイルメルカプトアセチルグリシルグリシルグリシン
4300445,メルカプトアセチルグリシルグリシルグリシンテクネチウム（９９ｍＴｃ）
4300446,テトロホスミンテクネチウム（９９ｍＴｃ）
4300447,イオマゼニル（１２３Ｉ）
4300449,塩化ストロンチウム（８９Ｓｒ）
4300450,イブリツモマブ　チウキセタン（遺伝子組換え）・塩化インジウム（１１１Ｉｎ）
4300451,イオフルパン（１２３Ｉ）
4300452,ペンテトレオチド・塩化インジウム（１１１Ｉｎ）
4300700,キセノン（１３３Ｘｅ）
4300701,クリプトン（８１ｍＫｒ）
4411001,ジフェンヒドラミン塩酸塩
4411002,タンニン酸ジフェンヒドラミン
4411400,ジフェンヒドラミン塩酸塩
4412002,トリプロリジン塩酸塩水和物
4413002,ヒベンズ酸プロメタジン
4413003,アリメマジン酒石酸塩
4413004,メキタジン
4413400,プロメタジン塩酸塩
4415002,テオクル酸ジフェニルピラリン
4415400,ジフェニルピラリン塩酸塩
4415401,テオクル酸ジフェニルピラリン
4419001,ｄｌ－クロルフェニラミンマレイン酸塩
4419002,ｄ－クロルフェニラミンマレイン酸塩
4419003,クロルフェニラミンマレイン酸塩
4419005,シプロヘプタジン塩酸塩水和物
4419006,ホモクロルシクリジン塩酸塩
4419008,クレマスチンフマル酸塩
4419400,クロルフェニラミンマレイン酸塩
4419401,クロルフェニラミンマレイン酸塩
4419500,ジフェンヒドラミン塩酸塩・臭化カルシウム
4420001,オーラノフィン
4420002,ブシラミン
4420402,金チオリンゴ酸ナトリウム
4490001,クロモグリク酸ナトリウム
4490002,トラニラスト
4490003,ケトチフェンフマル酸塩
4490004,アゼラスチン塩酸塩
4490005,オキサトミド
4490006,アンレキサノクス
4490007,レピリナスト
4490009,タザノラスト
4490010,イブジラスト
4490011,ペミロラストカリウム
4490012,オザグレル塩酸塩水和物
4490013,エメダスチンフマル酸塩
4490014,エピナスチン塩酸塩
4490016,スプラタストトシル酸塩
4490017,プランルカスト水和物
4490018,セラトロダスト
4490019,エバスチン
4490020,セチリジン塩酸塩
4490021,ラマトロバン
4490022,ベポタスチンベシル酸塩
4490023,フェキソフェナジン塩酸塩
4490024,ザフィルルカスト
4490025,オロパタジン塩酸塩
4490026,モンテルカストナトリウム
4490027,ロラタジン
4490028,レボセチリジン塩酸塩
4490029,標準化スギ花粉エキス
4490030,ダニアレルゲンエキス
4490031,ダニアレルゲンエキス
4490032,デスロラタジン
4490033,ビラスチン
4490034,ルパタジンフマル酸塩
4490035,スギ花粉エキス
4490036,ベロトラルスタット塩酸塩
4490037,アブロシチニブ
4490100,フェキソフェナジン塩酸塩・塩酸プソイドエフェドリン
4490400,各種抽出物
4490401,各種抽出物
4490403,標準化スギ花粉エキス
4490404,ダニアレルゲンエキス
4490405,デュピルマブ（遺伝子組換え）
4490406,イカチバント酢酸塩
4490407,ラナデルマブ（遺伝子組換え）
4490408,ネモリズマブ（遺伝子組換え）
4490700,エメダスチンフマル酸塩
4900400,ヒト（同種）骨髄由来間葉系幹細胞
4900401,ヒト（自己）骨髄由来間葉系幹細胞
4900402,チサゲンレクルユーセル
4900403,ベペルミノゲン　ペルプラスミド
4900404,オナセムノゲン　アベパルボベク
4900405,アキシカブタゲン　シロルユーセル
4900406,リソカブタゲン　マラルユーセル
4900407,テセルパツレブ
4900408,ダルバドストロセル
4900409,イデカブタゲン　ビクルユーセル
5100001,アキョウ
5100002,アセンヤク
5100003,アマチャ
5100004,アロエ
5100005,アンソッコウ
5100006,イレイセン
5100007,インチンコウ
5100008,ウイキョウ
5100009,ウコン
5100010,ウズ
5100011,ウバイ
5100012,ウヤク
5100013,ウワウルシ
5100014,エイジツ
5100015,エンゴサク
5100016,エンメイソウ
5100017,オウギ
5100018,オウギ
5100019,オウゴン
5100020,オウバク
5100021,オウヒ
5100022,オウレン
5100023,オンジ
5100024,カイカ
5100025,ガイヨウ
5100026,カゴソウ
5100027,カシ
5100028,カシュウ
5100029,ガジュツ
5100030,ガジュツ
5100031,カッコウ
5100032,カッコン
5100033,カッセキ
5100034,カノコソウ
5100035,カマラ
5100036,カロコン
5100037,カロニン
5100038,カンキョウ
5100039,カンゾウ
5100040,カンタリス
5100041,カンテン
5100042,キキョウ
5100043,キクカ
5100044,キササゲ
5100045,キジツ
5100046,キッピ
5100047,キナ
5100048,キョウカツ
5100049,キョウニン
5100050,キンギンカ
5100051,グアヤク脂
5100052,クコシ
5100053,クコヨウ
5100054,クジン
5100055,ケイガイ
5100056,ケイヒ
5100057,ケツメイシ
5100058,ケンゴシ
5100059,ゲンジン
5100060,ゲンチアナ
5100061,ゲンノショウコ
5100062,コウカ
5100063,コウジン
5100064,コウジン
5100065,コウブシ
5100066,コウベイ
5100067,コウボク
5100068,コウホン
5100069,ゴシツ
5100070,ゴシュユ
5100071,ゴボウシ
5100072,ゴミシ
5100073,コロンボ
5100074,コンズランゴ
5100075,サイコ
5100076,サイシン
5100077,ザクロヒ
5100078,サフラン
5100079,サンキライ
5100080,サンザシ
5100081,サンシシ
5100082,サンシュユ
5100083,サンショウ
5100084,サンズコン
5100085,サンソウニン
5100086,サンヤク
5100087,ジオウ
5100088,シオン
5100089,ジコッピ
5100090,シコン
5100091,シソシ
5100092,シツリシ
5100093,シテイ
5100094,シャクヤク
5100095,ジャショウシ
5100096,シャジン
5100097,シャゼンシ
5100098,シャゼンソウ
5100099,ブシ
5100100,ジュウヤク
5100101,シュクシャ
5100102,ショウキョウ
5100103,ショウズク
5100104,ショウズク
5100105,ショウバク
5100106,ショウマ
5100107,シンイ
5100108,セキショウシ
5100109,セッコウ
5100110,セネガ
5100111,センキュウ
5100112,ゼンコ
5100113,センコツ
5100114,センタイ
5100115,センナ
5100116,センブリ
5100117,ソウジュツ
5100118,ソウハクヒ
5100119,ソボク
5100120,ソヨウ
5100121,ダイオウ
5100122,タイソウ
5100123,ダイフクヒ
5100124,タクシャ
5100125,チクジョ
5100126,チクセツニンジン
5100127,チモ
5100128,チョウジ
5100129,チョウトウコウ
5100130,チョレイ
5100131,チンピ
5100132,テンナンショウ
5100133,テンマ
5100134,テンモンドウ
5100135,トウガシ
5100136,トウガラシ
5100137,トウキ
5100138,トウドクカツ
5100139,トウニン
5100140,トウヒ
5100141,ドクカツ
5100142,トコン
5100143,ドベッコウ
5100144,トラガント
5100145,ナンテンジツ
5100146,ニガキ
5100147,ニクズク
5100148,ニンジン
5100149,ニンドウ
5100150,バイモ
5100151,バクモンドウ
5100152,ハッカ
5100153,ハマボウフウ
5100154,ハンゲ
5100155,ヒシノミ
5100156,ビャクゴウ
5100157,ビャクシ
5100158,ビャクジュツ
5100159,ビワヨウ
5100160,ビンロウジ
5100161,ブクリョウ
5100162,ブシ
5100163,ボウイ
5100164,ボウコン
5100165,ボウフウ
5100166,ブシ
5100167,ボクソク
5100168,ボタンピ
5100169,ボレイ
5100170,マオウ
5100171,マシニン
5100172,マンケイシ
5100173,モクツウ
5100174,モッカ
5100175,モッコウ
5100176,モッコウ
5100177,ヤクチ
5100178,ヤクモソウ
5100179,ヨウバイヒ
5100180,ヨクイニン
5100181,リュウガンニク
5100182,リュウコツ
5100183,リュウタン
5100184,リョウキョウ
5100185,レンギョウ
5100186,レンニク
5100187,ロートコン
5100188,ワキョウカツ
5100189,ワコウホン
5100190,トチュウ
5100191,バクガ
5100192,チャヨウ
5100193,ゴマ
5100194,コウイ
5200001,安中散エキス
5200002,胃苓湯エキス
5200003,茵ちん蒿湯エキス
5200004,茵ちん五苓散エキス
5200005,温経湯エキス
5200006,温清飲エキス
5200007,越婢加朮湯エキス
5200008,黄耆建中湯エキス
5200009,黄ごん湯エキス
5200010,黄連湯エキス
5200011,黄連解毒湯エキス
5200012,乙字湯エキス
5200013,葛根湯エキス
5200014,葛根加朮附湯エキス
5200015,葛根湯加川きゅう辛夷エキス
5200016,加味帰脾湯エキス
5200017,加味逍遙散エキス
5200018,甘草湯エキス
5200019,甘麦大棗湯エキス
5200020,桔梗湯エキス
5200021,桔梗石膏エキス
5200022,帰脾湯エキス
5200023,きゅう帰膠艾湯エキス
5200024,きゅう帰調血飲エキス
5200025,牛車腎気丸エキス
5200026,九味檳榔湯エキス
5200027,荊芥連翹湯エキス
5200028,桂枝湯エキス
5200029,桂枝加黄耆湯エキス
5200030,桂枝加葛根湯エキス
5200031,桂枝加厚朴杏仁湯エキス
5200032,桂枝加芍薬湯エキス
5200033,桂枝加芍薬大黄湯エキス
5200034,桂枝加朮附湯エキス
5200035,桂枝加竜骨牡蛎湯エキス
5200036,桂枝加苓朮附湯エキス
5200037,桂枝人参湯エキス
5200038,桂枝茯苓丸エキス
5200039,桂枝茯苓丸加よく苡仁エキス
5200040,桂芍知母湯エキス
5200041,啓脾湯エキス
5200042,桂麻各半湯エキス
5200043,香蘇散エキス
5200044,五虎湯エキス
5200045,五積散エキス
5200046,呉茱萸湯エキス
5200047,五淋散エキス
5200048,五苓散
5200049,柴陥湯エキス
5200050,柴胡加竜骨牡蛎湯エキス
5200051,柴胡桂枝湯エキス
5200052,柴胡桂枝乾姜湯エキス
5200053,柴胡清肝湯エキス
5200054,柴朴湯エキス
5200055,柴苓湯エキス
5200056,酸棗仁湯エキス
5200057,三黄瀉心湯エキス
5200058,三物黄ごん湯エキス
5200059,滋陰降火湯エキス
5200060,滋陰至宝湯エキス
5200061,四逆散エキス
5200062,四君子湯エキス
5200063,梔子柏皮湯エキス
5200064,七物降下湯エキス
5200065,四物湯エキス
5200066,炙甘草湯エキス
5200067,芍薬甘草湯エキス
5200068,芍薬甘草附子湯エキス
5200069,十全大補湯エキス
5200070,十味敗毒湯エキス
5200071,潤腸湯エキス
5200072,小建中湯エキス
5200073,小柴胡湯エキス
5200074,小柴胡湯加桔梗石膏エキス
5200075,小青竜湯エキス
5200076,小半夏加茯苓湯エキス
5200077,消風散エキス
5200078,升麻葛根湯エキス
5200079,四苓湯
5200080,辛夷清肺湯エキス
5200081,参蘇飲エキス
5200082,神秘湯エキス
5200083,真武湯エキス
5200084,清上防風湯エキス
5200085,清暑益気湯エキス
5200086,清心蓮子飲エキス
5200087,清肺湯エキス
5200088,川きゅう茶調散エキス
5200089,疎経活血湯エキス
5200090,大黄甘草湯エキス
5200091,大黄牡丹皮湯エキス
5200092,大建中湯エキス
5200093,大柴胡湯エキス
5200094,大柴胡湯去大黄エキス
5200095,大承気湯エキス
5200096,大防風湯エキス
5200097,竹じょ温胆湯エキス
5200098,治打撲一方エキス
5200099,治頭瘡一方エキス
5200100,調胃承気湯エキス
5200101,釣藤散エキス
5200102,腸癰湯エキス
5200103,猪苓湯エキス
5200104,猪苓湯合四物湯エキス
5200105,通導散エキス
5200106,桃核承気湯エキス
5200107,当帰湯エキス
5200108,当帰飲子エキス
5200109,当帰建中湯エキス
5200110,当帰四逆加呉茱萸生姜湯エキス
5200111,当帰芍薬散エキス
5200112,当帰芍薬散加附子エキス
5200113,二朮湯エキス
5200114,二陳湯エキス
5200115,女神散エキス
5200116,人参湯エキス
5200117,人参養栄湯エキス
5200118,排膿散及湯エキス
5200119,麦門冬湯エキス
5200120,八味丸
5200121,八味地黄丸エキス
5200122,半夏厚朴湯エキス
5200123,半夏瀉心湯エキス
5200124,半夏白朮天麻湯エキス
5200125,白虎加人参湯エキス
5200126,茯苓飲エキス
5200127,茯苓飲合半夏厚朴湯エキス
5200128,平胃散エキス
5200129,防已黄耆湯エキス
5200130,防風通聖散エキス
5200131,補中益気湯エキス
5200132,麻黄湯エキス
5200133,麻黄附子細辛湯エキス
5200134,麻杏甘石湯エキス
5200135,麻杏よく甘湯エキス
5200136,麻子仁丸エキス
5200137,木防已湯エキス
5200138,よく苡仁湯エキス
5200139,抑肝散エキス
5200140,抑肝散加陳皮半夏エキス
5200141,六君子湯エキス
5200142,竜胆瀉肝湯エキス
5200143,苓甘姜味辛夏仁湯エキス
5200144,苓姜朮甘湯エキス
5200145,苓桂朮甘湯エキス
5200146,六味丸エキス
5200147,六味地黄丸エキス
5200148,附子人参湯エキス
5200149,立効散エキス
5900001,ブシ末
5900002,ブシ末
5900003,ヨクイニンエキス
5900004,ブシ末
6111002,ベンジルペニシリンベンザチン水和物
6111400,ベンジルペニシリンカリウム
6111403,ベンジルペニシリンベンザチン水和物
6112001,クリンダマイシン塩酸塩
6112003,リンコマイシン塩酸塩水和物
6112400,リンコマイシン塩酸塩水和物
6112401,クリンダマイシンリン酸エステル
6113001,バンコマイシン塩酸塩
6113400,バンコマイシン塩酸塩
6113700,バンコマイシン塩酸塩
6119001,フィダキソマイシン
6119400,アルベカシン硫酸塩
6119401,テイコプラニン
6119402,ダプトマイシン
6119500,キヌプリスチン・ダルホプリスチン
6119700,ムピロシンカルシウム水和物
6121001,ピブメシリナム塩酸塩
6122400,アズトレオナム
6122401,カルモナムナトリウム
6123003,カナマイシン一硫酸塩
6123401,トブラマイシン
6123402,アミカシン硫酸塩
6123404,イセパマイシン硫酸塩
6123700,トブラマイシン
6124400,スペクチノマイシン塩酸塩水和物
6125001,コリスチンメタンスルホン酸ナトリウム
6125400,コリスチンメタンスルホン酸ナトリウム
6126001,ポリミキシンＢ硫酸塩
6129001,セフチブテン水和物
6129400,チゲサイクリン
6129500,レレバクタム水和物・イミペネム水和物・シラスタチンナトリウム
6131001,アモキシシリン水和物
6131002,アンピシリン水和物
6131003,塩酸タランピシリン
6131004,バカンピシリン塩酸塩
6131005,シクラシリン
6131007,塩酸レナンピシリン
6131008,スルタミシリントシル酸塩水和物
6131400,アンピシリンナトリウム
6131403,ピペラシリンナトリウム
6131405,アスポキシシリン
6132001,セファトリジンプロピレングリコール
6132002,セファレキシン
6132005,セファクロル
6132006,セフロキサジン水和物
6132007,セファドロキシル
6132008,セフィキシム水和物
6132009,セフテラム　ピボキシル
6132010,セフロキシム　アキセチル
6132011,セフポドキシム　プロキセチル
6132012,セフォチアム　ヘキセチル塩酸塩
6132013,セフジニル
6132015,セフジトレン　ピボキシル
6132016,セフカペン　ピボキシル塩酸塩水和物
6132400,セフォチアム塩酸塩
6132401,セファゾリンナトリウム
6132403,セファロチンナトリウム
6132406,セフスロジンナトリウム
6132408,セフメタゾールナトリウム
6132409,セフォタキシムナトリウム
6132410,セフォペラゾンナトリウム
6132413,セフメノキシム塩酸塩
6132416,セフピラミドナトリウム
6132417,セフブペラゾンナトリウム
6132418,セフタジジム水和物
6132419,セフトリアキソンナトリウム水和物
6132422,セフミノクスナトリウム水和物
6132423,セフォジジムナトリウム
6132424,セフピロム硫酸塩
6132425,セフェピム塩酸塩水和物
6132426,セフォゾプラン塩酸塩
6132700,セフチゾキシムナトリウム
6133400,ラタモキセフナトリウム
6133401,フロモキセフナトリウム
6134400,ジベカシン硫酸塩
6134401,リボスタマイシン硫酸塩
6134404,硫酸ベカナマイシン
6134406,硫酸アストロマイシン
6134407,ゲンタマイシン硫酸塩
6135001,ホスホマイシンカルシウム水和物
6135400,ホスホマイシンナトリウム
6139001,ファロペネムナトリウム水和物
6139002,テビペネム　ピボキシル
6139100,アモキシシリン水和物・クラブラン酸カリウム
6139400,メロペネム水和物
6139401,ビアペネム
6139402,ドリペネム水和物
6139500,セフォペラゾンナトリウム・スルバクタムナトリウム
6139501,イミペネム水和物・シラスタチンナトリウム
6139503,パニペネム・ベタミプロン
6139504,アンピシリンナトリウム・スルバクタムナトリウム
6139505,タゾバクタムナトリウム・ピペラシリンナトリウム
6139506,セフトロザン硫酸塩・タゾバクタムナトリウム
6141001,エリスロマイシンエチルコハク酸エステル
6141002,エリスロマイシン
6141004,エリスロマイシンステアリン酸塩
6141400,エリスロマイシンラクトビオン酸塩
6142001,スピラマイシン酢酸エステル
6145001,ジョサマイシン
6145002,ジョサマイシンプロピオン酸エステル
6146001,ミデカマイシン
6146002,酢酸ミデカマイシン
6149001,ロキタマイシン
6149002,ロキシスロマイシン
6149003,クラリスロマイシン
6149004,アジスロマイシン水和物
6149005,テリスロマイシン
6149400,アジスロマイシン水和物
6151001,クロラムフェニコール
6151002,パルミチン酸クロラムフェニコール
6151401,クロラムフェニコールコハク酸エステルナトリウム
6152002,テトラサイクリン塩酸塩
6152003,デメチルクロルテトラサイクリン塩酸塩
6152004,ドキシサイクリン塩酸塩水和物
6152005,ミノサイクリン塩酸塩
6152401,ミノサイクリン塩酸塩
6161400,ストレプトマイシン硫酸塩
6162001,サイクロセリン
6164001,リファンピシン
6165400,エンビオマイシン硫酸塩
6169001,リファブチン
6169400,カナマイシン硫酸塩
6169700,アミカシン硫酸塩
6171001,ナイスタチン
6172001,グリセオフルビン
6173001,アムホテリシンＢ
6173400,アムホテリシンＢ
6179001,ボリコナゾール
6179002,ポサコナゾール
6179400,ミカファンギンナトリウム
6179401,ボリコナゾール
6179402,カスポファンギン酢酸塩
6179403,ポサコナゾール
6191001,アンピシリン水和物・クロキサシリンナトリウム水和物
6191401,アンピシリンナトリウム・クロキサシリンナトリウム水和物
6199001,リファキシミン
6199100,ランソプラゾール・アモキシシリン・クラリスロマイシン
6199101,ランソプラゾール・アモキシシリン・メトロニダゾール
6199102,ラベプラゾールナトリウム・アモキシシリン水和物・クラリスロマイシン
6199103,ラベプラゾールナトリウム・アモキシシリン水和物・メトロニダゾール
6199104,ボノプラザンフマル酸塩・アモキシシリン水和物・クラリスロマイシン
6199105,ボノプラザンフマル酸塩・アモキシシリン水和物・メトロニダゾール
6212002,スルファメトキサゾール
6213001,スルファジメトキシン
6213002,スルファモノメトキシン
6213400,スルファジメトキシン
6219001,サラゾスルファピリジン
6219002,スルファメチゾール
6219700,サラゾスルファピリジン
6221001,アルミノパラアミノサリチル酸カルシウム水和物
6221002,パラアミノサリチル酸カルシウム水和物
6221003,パラアミノサリチル酸カルシウム水和物
6222001,イソニアジド
6222005,イソニアジドメタンスルホン酸ナトリウム水和物
6222006,デラマニド
6222007,ベダキリンフマル酸塩
6222400,イソニアジド
6223001,ピラジナミド
6224001,エチオナミド
6225001,エタンブトール塩酸塩
6239001,クロファジミン
6241001,ナリジクス酸
6241002,ピペミド酸水和物
6241003,ピロミド酸
6241004,シノキサシン
6241005,ノルフロキサシン
6241006,オフロキサシン
6241007,エノキサシン
6241008,シプロフロキサシン塩酸塩
6241009,塩酸ロメフロキサシン
6241010,トスフロキサシントシル酸塩水和物
6241011,スパルフロキサシン
6241012,フレロキサシン
6241013,レボフロキサシン水和物
6241014,ガチフロキサシン水和物
6241015,プルリフロキサシン
6241016,モキシフロキサシン塩酸塩
6241017,メシル酸ガレノキサシン水和物
6241018,シタフロキサシン水和物
6241019,ラスクフロキサシン塩酸塩
6241400,シプロフロキサシン
6241401,パズフロキサシンメシル酸塩
6241402,レボフロキサシン水和物
6241403,ラスクフロキサシン塩酸塩
6249002,リネゾリド
6249003,テジゾリドリン酸エステル
6249401,リネゾリド
6249402,テジゾリドリン酸エステル
6250001,ジドブジン
6250002,アシクロビル
6250003,ジダノシン
6250005,ザルシタビン
6250006,ラミブジン
6250007,インジナビル硫酸塩エタノール付加物
6250009,サニルブジン
6250010,サキナビルメシル酸塩
6250011,リトナビル
6250012,ネルフィナビルメシル酸塩
6250013,ネビラピン
6250014,アバカビル硫酸塩
6250015,エファビレンツ
6250017,メシル酸デラビルジン
6250019,バラシクロビル塩酸塩
6250020,ラミブジン
6250021,オセルタミビルリン酸塩
6250022,リバビリン
6250023,アタザナビル硫酸塩
6250024,テノホビル　ジソプロキシルフマル酸塩
6250025,バルガンシクロビル塩酸塩
6250026,アデホビル　ピボキシル
6250027,ホスアンプレナビルカルシウム水和物
6250028,エムトリシタビン
6250029,エンテカビル水和物
6250030,ダルナビル　エタノール付加物
6250031,ファムシクロビル
6250032,ラルテグラビルカリウム
6250033,エトラビリン
6250034,マラビロク
6250035,テラプレビル
6250036,リルピビリン塩酸塩
6250037,シメプレビルナトリウム
6250038,ドルテグラビルナトリウム
6250039,アスナプレビル
6250040,ダクラタスビル塩酸塩
6250041,バニプレビル
6250042,ソホスブビル
6250043,グラゾプレビル水和物
6250044,エルバスビル
6250045,テノホビル　アラフェナミドフマル酸塩
6250046,アメナメビル
6250047,バロキサビル　マルボキシル
6250048,レテルモビル
6250049,ドラビリン
6250050,カボテグラビルナトリウム
6250100,ジドブジン・ラミブジン
6250101,ロピナビル・リトナビル
6250102,ラミブジン・アバカビル硫酸塩
6250103,エムトリシタビン・テノホビル　ジソプロキシルフマル酸塩
6250104,エルビテグラビル・コビシスタット・エムトリシタビン・テノホビル　ジソプロキシルフマル酸塩
6250105,リルピビリン塩酸塩・エムトリシタビン・テノホビル　ジソプロキシルフマル酸塩
6250106,ドルテグラビルナトリウム・アバカビル硫酸塩・ラミブジン
6250107,レジパスビル　アセトン付加物・ソホスブビル
6250108,オムビタスビル水和物・パリタプレビル水和物・リトナビル
6250109,エルビテグラビル・コビシスタット・エムトリシタビン・テノホビル　アラフェナミドフマル酸塩
6250110,ダルナビル　エタノール付加物・コビシスタット
6250111,エムトリシタビン・テノホビル　アラフェナミドフマル酸塩
6250112,ダクラタスビル塩酸塩・アスナプレビル・ベクラブビル塩酸塩
6250113,グレカプレビル水和物・ピブレンタスビル
6250114,リルピビリン塩酸塩・エムトリシタビン・テノホビル　アラフェナミドフマル酸塩
6250115,ドルテグラビルナトリウム・リルピビリン塩酸塩
6250116,ソホスブビル・ベルパタスビル
6250117,ビクテグラビルナトリウム・エムトリシタビン・テノホビル　アラフェナミドフマル酸塩
6250118,ダルナビル　エタノール付加物・コビシスタット・エムトリシタビン・テノホビル　アラフェナミドフマル酸塩
6250119,ドルテグラビルナトリウム・ラミブジン
6250400,ビダラビン
6250401,アシクロビル
6250402,ガンシクロビル
6250403,ホスカルネットナトリウム水和物
6250404,パリビズマブ（遺伝子組換え）
6250405,ペラミビル水和物
6250406,レテルモビル
6250407,レムデシビル
6250408,カボテグラビル
6250409,リルピビリン
6250700,ビダラビン
6250701,アシクロビル
6250702,ザナミビル水和物
6250703,ラニナミビルオクタン酸エステル水和物
6290001,フルシトシン
6290002,フルコナゾール
6290003,ミコナゾール
6290004,イトラコナゾール
6290005,テルビナフィン塩酸塩
6290006,アトバコン
6290007,ホスラブコナゾール　Ｌ－リシンエタノール付加物
6290100,スルファメトキサゾール・トリメトプリム
6290400,ミコナゾール
6290401,フルコナゾール
6290402,ホスフルコナゾール
6290403,イトラコナゾール
6290700,クロトリマゾール
6290701,イミキモド
6290702,エフィナコナゾール
6290703,ルリコナゾール
6290704,ミコナゾール
6311400,肺炎球菌ワクチン
6311401,４価髄膜炎菌ワクチン（ジフテリアトキソイド結合体）
6313400,乾燥組織培養不活化狂犬病ワクチン
6313402,組換え沈降Ｂ型肝炎ワクチン（酵母由来）
6313403,組換え沈降Ｂ型肝炎ワクチン（チャイニーズハムスター卵巣細胞由来）
6322400,沈降破傷風トキソイド
6322401,沈降破傷風トキソイド
6331406,乾燥ガスえそウマ抗毒素
6331408,乾燥ジフテリアウマ抗毒素
6331409,乾燥破傷風ウマ抗毒素
6331410,乾燥はぶウマ抗毒素
6331411,乾燥ボツリヌスウマ抗毒素
6331412,乾燥まむしウマ抗毒素
6341403,人全血液
6341404,人全血液
6342401,人血小板濃厚液
6342402,合成血
6342403,解凍人赤血球液
6342405,人赤血球液
6342406,新鮮凍結人血漿
6342407,白血球除去人赤血球浮遊液
6342408,洗浄人赤血球液
6342409,人血小板濃厚液ＨＬＡ
6342410,人赤血球液
6342411,人血小板濃厚液
6342412,人血小板濃厚液ＨＬＡ
6342413,解凍人赤血球液
6342414,合成血
6342415,洗浄人赤血球液
6342417,人血小板濃厚液
6342418,人血小板濃厚液ＨＬＡ
6343400,乾燥スルホ化人免疫グロブリン
6343401,乾燥ペプシン処理人免疫グロブリン
6343402,乾燥ポリエチレングリコール処理人免疫グロブリン
6343404,抗ＨＢｓ人免疫グロブリン
6343406,乾燥濃縮人血液凝固第Ⅷ因子
6343407,乾燥抗Ｄ（Ｒｈｏ）人免疫グロブリン
6343408,乾燥抗破傷風人免疫グロブリン
6343409,乾燥人血液凝固第Ⅸ因子複合体
6343410,人血清アルブミン
6343411,乾燥人フィブリノゲン
6343412,人免疫グロブリン
6343414,乾燥人血液凝固因子抗体迂回活性複合体
6343415,抗破傷風人免疫グロブリン
6343417,乾燥ｐＨ４処理人免疫グロブリン
6343419,人ハプトグロビン
6343420,乾燥イオン交換樹脂処理人免疫グロブリン
6343422,加熱人血漿たん白
6343423,乾燥抗ＨＢｓ人免疫グロブリン
6343424,乾燥濃縮人アンチトロンビンⅢ
6343426,乾燥濃縮人Ｃ１－インアクチベーター
6343427,ｐＨ４処理酸性人免疫グロブリン
6343428,ポリエチレングリコール処理人免疫グロブリン
6343429,乾燥濃縮人血液凝固第Ⅸ因子
6343430,オクトコグアルファ（遺伝子組換え）
6343431,ヒト血漿由来乾燥血液凝固第ⅩⅢ因子
6343432,ルリオクトコグアルファ（遺伝子組換え）
6343433,ポリエチレングリコール処理抗破傷風人免疫グロブリン
6343434,エプタコグアルファ（活性型）（遺伝子組換え）
6343435,乾燥濃縮人活性化プロテインＣ
6343436,ポリエチレングリコール処理抗ＨＢｓ人免疫グロブリン
6343437,人血清アルブミン（遺伝子組換え）
6343438,ノナコグアルファ（遺伝子組換え）
6343439,ｐＨ４処理酸性人免疫グロブリン（皮下注射）
6343440,ツロクトコグ　アルファ（遺伝子組換え）
6343441,エフトレノナコグ　アルファ（遺伝子組換え）
6343442,エフラロクトコグ　アルファ（遺伝子組換え）
6343443,カトリデカコグ（遺伝子組換え）
6343444,アンチトロンビン　ガンマ（遺伝子組換え）
6343445,ノナコグ　ガンマ（遺伝子組換え）
6343446,ルリオクトコグ　アルファ　ペゴル（遺伝子組換え）
6343447,オクトコグ　ベータ（遺伝子組換え）
6343448,アルブトレペノナコグ　アルファ（遺伝子組換え）
6343449,乾燥濃縮人プロトロンビン複合体
6343450,ロノクトコグ　アルファ（遺伝子組換え）
6343451,エミシズマブ（遺伝子組換え）
6343452,ノナコグ　ベータ　ペゴル（遺伝子組換え）
6343453,ダモクトコグ　アルファ　ペゴル（遺伝子組換え）
6343454,ツロクトコグ　アルファ　ペゴル（遺伝子組換え）
6343455,ボニコグ　アルファ（遺伝子組換え）
6343456,乾燥濃縮人α１－プロテイナーゼインヒビター
6343457,シモクトコグ　アルファ（遺伝子組換え）
6343500,乾燥濃縮人血液凝固第Ⅹ因子加活性化第Ⅶ因子
6349400,ヘミン
6349800,フィブリノゲン加第ⅩⅢ因子
6349801,フィブリノゲン加第ⅩⅢ因子
6349802,フィブリノゲン配合剤
6391700,乾燥ＢＣＧ膀胱内用（日本株）
6391701,乾燥ＢＣＧ膀胱内用（コンノート株）
6393400,精製ツベルクリン
6393401,精製ツベルクリン
6393402,精製ツベルクリン
6393404,精製ツベルクリン
6393405,精製ツベルクリン
6399402,インターフェロンベータ
6399404,インターフェロンアルファ（ＮＡＭＡＬＷＡ）
6399406,インターフェロンアルファ－２ｂ（遺伝子組換え）
6399407,インターフェロンアルファ（ＢＡＬＬ－１）
6399408,インターフェロンガンマ－１ａ（遺伝子組換え）
6399409,ムロモナブ－ＣＤ３
6399410,セルモロイキン（遺伝子組換え）
6399411,テセロイキン（遺伝子組換え）
6399413,抗ヒト胸腺細胞ウマ免疫グロブリン
6399414,抗ヒトＴリンパ球ウサギ免疫グロブリン
6399415,インターフェロンガンマ－ｎ１
6399416,インターフェロンベータ－１ｂ（遺伝子組換え）
6399417,インターフェロンアルファコン－１（遺伝子組換え）
6399418,バシリキシマブ（遺伝子組換え）
6399419,ペグインターフェロンアルファ－２ａ（遺伝子組換え）
6399420,ペグインターフェロンアルファ－２ｂ（遺伝子組換え）
6399421,トシリズマブ（遺伝子組換え）
6399422,インターフェロンベータ－１ａ（遺伝子組換え）
6399423,抗ヒト胸腺細胞ウサギ免疫グロブリン
6399424,エクリズマブ（遺伝子組換え）
6399426,ベズロトクスマブ（遺伝子組換え）
6399427,ラブリズマブ（遺伝子組換え）
6399428,サトラリズマブ（遺伝子組換え）
6399429,イネビリズマブ（遺伝子組換え）
6399430,エフガルチギモド　アルファ（遺伝子組換え）
6399500,ヒスタミン加人免疫グロブリン（乾燥）
6415001,キニーネエチル炭酸エステル
6415002,キニーネ塩酸塩水和物
6415003,キニーネ硫酸塩水和物
6419001,チニダゾール
6419002,メトロニダゾール
6419003,メフロキン塩酸塩
6419004,パロモマイシン硫酸塩
6419005,プリマキンリン酸塩
6419006,スピラマイシン
6419100,スルファドキシン・ピリメタミン
6419101,アトバコン・プログアニル塩酸塩
6419102,アルテメテル・ルメファントリン
6419400,ペンタミジンイセチオン酸塩
6419401,メトロニダゾール
6419500,スルファメトキサゾール・トリメトプリム
6422001,チモール
6424001,サントニン
6428001,ジエチルカルバマジンクエン酸塩
6429001,ピランテルパモ酸塩
6429005,メベンダゾール
6429006,プラジカンテル
6429007,アルベンダゾール
6429008,イベルメクチン
6429700,フェノトリン
7111001,乳糖水和物
7112001,コムギデンプン
7112002,コメデンプン
7112003,トウモロコシデンプン
7112004,バレイショデンプン
7113700,タルク
7119001,亜硫酸水素ナトリウム
7119002,カプセル
7119700,アラビアゴム
7119701,カオリン
7119702,コレステロール
7121700,白色軟膏
7121701,黄色ワセリン
7121702,親水ワセリン
7121703,白色ワセリン
7121704,オリブ油
7121705,カカオ脂
7121706,ゴマ油
7121707,サラシミツロウ
7121708,ダイズ油
7121709,単軟膏
7121710,ツバキ油
7121711,ミツロウ
7121712,ラッカセイ油
7121713,牛脂
7121714,セタノール
7121715,豚脂
7121716,パラフィン
7121717,ステアリン酸
7121718,流動パラフィン
7122700,ラウリル硫酸ナトリウム
7122701,加水ラノリン
7122702,精製ラノリン
7122703,吸水クリーム
7122704,親水クリーム
7123700,マクロゴール
7123701,マクロゴール４００
7123702,マクロゴール１５００
7123703,マクロゴール４０００
7123704,マクロゴール６０００
7129700,ベントナイト
7129801,ポリエチレン樹脂・流動パラフィン
7131001,精製水
7131400,注射用水
7131401,注射用水
7131700,滅菌精製水（容器入り）
7134700,エーテル
7139700,プロピレングリコール
7139701,アセトン
7139703,石油ベンジン
7142001,単シロップ
7143001,ウイキョウ油
7143002,カンゾウエキス
7143003,ケイヒ末・サンショウ末配合剤
7149001,サッカリンナトリウム水和物
7149002,白糖
7149003,ハチミツ
7149004,ｌ－メントール
7149005,ハッカ水
7149006,ハッカ油
7149007,クエン酸水和物
7149008,無水クエン酸
7149009,酒石酸
7149700,ユーカリ油
7149701,ラベンダー油
7149703,ローズ油
7190700,ウイテプゾール
7190701,塩化ナトリウム
7190702,塩酸
7190703,酢酸ナトリウム水和物
7190704,チオ硫酸ナトリウム水和物
7211001,アミドトリゾ酸ナトリウムメグルミン
7211400,アミドトリゾ酸メグルミン
7211401,イオタラム酸ナトリウム
7211402,イオタラム酸メグルミン
7211404,ヨード化ケシ油脂肪酸エチルエステル
7212001,硫酸バリウム
7212005,硫酸バリウム
7212006,硫酸バリウム
7212009,硫酸バリウム
7212010,硫酸バリウム
7212012,炭酸ガス・硫酸バリウム
7212013,硫酸バリウム
7212019,硫酸バリウム
7212020,硫酸バリウム
7212021,硫酸バリウム
7212022,硫酸バリウム
7212025,硫酸バリウム
7212029,硫酸バリウム
7212030,硫酸バリウム
7212031,硫酸バリウム
7212032,硫酸バリウム
7212033,硫酸バリウム
7212034,硫酸バリウム
7212035,硫酸バリウム
7212036,硫酸バリウム
7212037,硫酸バリウム
7212038,硫酸バリウム
7212700,硫酸バリウム
7212701,硫酸バリウム
7213005,クエン酸マグネシウム
7213011,炭酸水素ナトリウム・酒石酸
7213012,炭酸水素ナトリウム・酒石酸
7213013,炭酸水素ナトリウム・酒石酸
7213014,炭酸水素ナトリウム・酒石酸
7213016,炭酸水素ナトリウム・酒石酸
7213017,炭酸水素ナトリウム・酒石酸
7213018,クエン酸マグネシウム
7214400,アミドトリゾ酸ナトリウムメグルミン
7219403,イオトロクス酸メグルミン
7219412,イオパミドール
7219413,イオキサグル酸
7219414,イオトロラン
7219415,イオヘキソール
7219416,イオベルソール
7219417,イオメプロール
7219418,イオプロミド
7219419,イオキシラン
7219420,イオジキサノール
7223001,メチラポン
7223400,ゴナドレリン酢酸塩
7223401,プロチレリン酒石酸塩水和物
7223402,プロチレリン
7223403,テリパラチド酢酸塩
7223404,Ｌ－アルギニン塩酸塩
7223405,ソマトレリン酢酸塩
7223406,コルチコレリン（ヒト）
7223407,プラルモレリン塩酸塩
7224400,インドシアニングリーン
7224401,スルホブロモフタレインナトリウム
7225400,インジゴカルミン
7225401,パラアミノ馬尿酸ナトリウム
7225402,フェノールスルホンフタレイン
7225403,イヌリン
7229001,ベンチロミド
7229400,グルカゴン
7229401,エドロホニウム塩化物
7229402,グルカゴン（遺伝子組換え）
7290001,デンプン部分加水分解物
7290003,デンプン部分加水分解物
7290004,クエン酸鉄アンモニウム
7290005,尿素（１３Ｃ）
7290006,塩化マンガン四水和物
7290007,アミノレブリン酸塩酸塩
7290400,診断用アレルゲンエキス
7290401,診断用アレルゲンエキス
7290402,フルオレセイン
7290404,フェントラミンメシル酸塩
7290405,ガドペンテト酸メグルミン
7290407,ガドテリドール
7290408,ガドジアミド水和物
7290410,ガラクトース・パルミチン酸混合物
7290411,ガドテル酸メグルミン
7290412,インドシアニングリーン
7290413,フェルカルボトラン
7290414,ペルフルブタン
7290415,ガドキセト酸ナトリウム
7290416,ガドブトロール
7290417,ヒスタミン二塩酸塩
7290700,ハウスダストアレルゲン
7290701,ブタクサアレルゲン
7290703,フルオレセイン
7290704,キセノンガス（非放射性）
7290706,パッチテスト用塩類
7290707,パッチテスト用アレルゲン類
7290708,メタコリン塩化物
7311700,パラオキシ安息香酸エチル
7311701,パラオキシ安息香酸ブチル
7311702,パラオキシ安息香酸プロピル
7319001,安息香酸
7319002,安息香酸ナトリウム
7319700,安息香
7451700,カンテン
7990001,Ｄ－ソルビトール
7990002,プロナーゼ
7990003,バレニクリン酒石酸塩
7990004,ｌ－メントール
7990100,ナトリウム・カリウム配合剤
7990101,リン酸二水素ナトリウム一水和物・無水リン酸水素二ナトリウム
7990102,ナトリウム・カリウム・アスコルビン酸配合剤
7990103,ピコスルファートナトリウム水和物・酸化マグネシウム・無水クエン酸
7990104,無水硫酸ナトリウム・硫酸カリウム・硫酸マグネシウム水和物
7990401,ヨード化ケシ油脂肪酸エチルエステル
7990402,アデノシン
7990403,ヒトチロトロピンアルファ（遺伝子組換え）
7990500,塩化ナトリウム・塩化カリウム配合剤
7990700,シアノアクリレート
7990701,ゼラチンフィルム
7990702,ゼラチンフィルム
7990704,エトオキシエチルメタアクリル樹脂配合剤
7990707,フィブリノゲン加第ⅩⅢ因子
7990709,デキストラン７０
7990710,フィブリノゲン加第ⅩⅢ因子
7990711,フィブリノゲン配合剤
7990712,ニコチン
7990713,フィブリノゲン配合剤
8112001,アヘン
8113001,アヘンチンキ
8114001,アヘンアルカロイド塩酸塩
8114002,エチルモルヒネ塩酸塩水和物
8114003,モルヒネ塩酸塩水和物
8114004,モルヒネ硫酸塩水和物
8114005,モルヒネ塩酸塩水和物
8114400,アヘンアルカロイド塩酸塩
8114401,モルヒネ塩酸塩水和物
8114402,モルヒネ塩酸塩水和物
8114700,モルヒネ塩酸塩水和物
8115001,コデインリン酸塩水和物
8115002,コデインリン酸塩水和物
8115003,ジヒドロコデインリン酸塩
8115004,ジヒドロコデインリン酸塩
8119001,オキシメテバノール
8119002,オキシコドン塩酸塩水和物
8119003,ヒドロモルフォン塩酸塩
8119100,アヘン・トコン
8119400,オキシコドン塩酸塩水和物
8119401,ヒドロモルフォン塩酸塩
8119500,複方オキシコドン
8119501,アヘンアルカロイド・アトロピン
8119502,アヘンアルカロイド・スコポラミン
8119503,弱アヘンアルカロイド・スコポラミン
8119504,複方オキシコドン・アトロピン
8119505,モルヒネ・アトロピン
8121700,コカイン塩酸塩
8211001,ペチジン塩酸塩
8211400,ペチジン塩酸塩
8219001,フェンタニルクエン酸塩
8219002,メサドン塩酸塩
8219003,タペンタドール塩酸塩
8219400,フェンタニルクエン酸塩
8219401,レミフェンタニル塩酸塩
8219500,ドロペリドール・フェンタニルクエン酸塩
8219501,ペチジン塩酸塩・レバロルファン酒石酸塩
8219502,ペチジン塩酸塩・レバロルファン酒石酸塩
8219700,フェンタニル
8219701,フェンタニルクエン酸塩
